date,description,category,amount,type
24-11-2023,Monthly Salary,Income,31824.0,Fixed
13-01-2023,Subscriptions Purchase,Subscriptions,-1375.48,Need
13-03-2023,Travel Purchase,Travel,-3448.16,Need
07-10-2023,Travel Purchase,Travel,-3034.36,Need
17-01-2023,Food Purchase,Food,-649.74,Need
30-04-2023,Food Purchase,Food,-2893.98,Need
29-11-2023,Social Purchase,Social,-1258.11,Want
29-10-2023,Subscriptions Purchase,Subscriptions,-4085.27,Need
04-01-2023,Bills Purchase,Bills,-3551.07,Need
24-06-2023,Subscriptions Purchase,Subscriptions,-946.3,Need
22-06-2023,Travel Purchase,Travel,-645.18,Need
19-02-2023,Shopping Purchase,Shopping,-4267.97,Want
06-11-2023,Subscriptions Purchase,Subscriptions,-4074.22,Need
24-08-2023,Travel Purchase,Travel,-4870.96,Need
13-07-2023,Travel Purchase,Travel,-2849.8,Need
18-11-2023,Shopping Purchase,Shopping,-2971.29,Want
27-12-2023,Travel Purchase,Travel,-419.96,Need
27-04-2023,Subscriptions Purchase,Subscriptions,-4929.06,Need
30-04-2023,Travel Purchase,Travel,-2024.61,Need
21-08-2023,Shopping Purchase,Shopping,-980.74,Want
01-07-2023,Health Purchase,Health,-3416.84,Need
26-12-2023,Travel Purchase,Travel,-3123.83,Need
29-03-2023,Health Purchase,Health,-984.33,Need
14-07-2023,Subscriptions Purchase,Subscriptions,-4949.71,Need
24-11-2023,Health Purchase,Health,-3486.15,Need
29-01-2023,Health Purchase,Health,-4144.65,Need
11-06-2023,Social Purchase,Social,-1485.16,Want
19-04-2023,Shopping Purchase,Shopping,-1220.61,Want
13-09-2023,Social Purchase,Social,-4446.48,Want
26-11-2023,Investments Purchase,Investments,-885.78,Need
13-03-2023,Monthly Salary,Income,34040.0,Fixed
15-10-2023,Subscriptions Purchase,Subscriptions,-3785.67,Need
08-08-2023,Social Purchase,Social,-1937.58,Want
12-03-2023,Investments Purchase,Investments,-636.37,Need
25-01-2023,Travel Purchase,Travel,-933.64,Need
23-03-2023,Social Purchase,Social,-3062.76,Want
17-07-2023,Social Purchase,Social,-3060.26,Want
28-08-2023,Subscriptions Purchase,Subscriptions,-4861.18,Need
06-01-2023,Travel Purchase,Travel,-3472.21,Need
02-10-2023,Subscriptions Purchase,Subscriptions,-3889.27,Need
24-06-2023,Travel Purchase,Travel,-1608.8,Need
22-03-2023,Investments Purchase,Investments,-215.58,Need
15-05-2023,Bills Purchase,Bills,-2636.87,Need
24-02-2023,Subscriptions Purchase,Subscriptions,-4240.01,Need
17-09-2023,Health Purchase,Health,-933.63,Need
24-03-2023,Food Purchase,Food,-3074.93,Need
08-09-2023,Food Purchase,Food,-736.97,Need
05-07-2023,Subscriptions Purchase,Subscriptions,-1349.37,Need
04-05-2023,Travel Purchase,Travel,-611.14,Need
06-09-2023,Travel Purchase,Travel,-4894.33,Need
30-09-2023,Bills Purchase,Bills,-816.28,Need
01-09-2023,Bills Purchase,Bills,-1472.27,Need
07-11-2023,Social Purchase,Social,-4828.94,Want
04-10-2023,Health Purchase,Health,-3622.16,Need
24-07-2023,Shopping Purchase,Shopping,-2302.88,Want
22-09-2023,Investments Purchase,Investments,-780.82,Need
26-04-2023,Travel Purchase,Travel,-1822.81,Need
29-10-2023,Health Purchase,Health,-3024.51,Need
04-01-2023,Travel Purchase,Travel,-3597.64,Need
31-01-2023,Health Purchase,Health,-523.52,Need
17-01-2023,Monthly Salary,Income,44084.0,Fixed
19-06-2023,Travel Purchase,Travel,-2667.95,Need
23-05-2023,Investments Purchase,Investments,-1228.34,Need
09-03-2023,Investments Purchase,Investments,-1366.39,Need
31-08-2023,Social Purchase,Social,-1113.97,Want
19-02-2023,Social Purchase,Social,-1900.63,Want
30-07-2023,Investments Purchase,Investments,-4346.42,Need
28-01-2023,Travel Purchase,Travel,-490.94,Need
23-06-2023,Travel Purchase,Travel,-1393.55,Need
08-04-2023,Investments Purchase,Investments,-872.88,Need
04-04-2023,Subscriptions Purchase,Subscriptions,-2420.61,Need
08-02-2023,Investments Purchase,Investments,-4078.51,Need
09-10-2023,Travel Purchase,Travel,-442.82,Need
04-10-2023,Food Purchase,Food,-4851.18,Need
02-05-2023,Bills Purchase,Bills,-2150.79,Need
04-09-2023,Health Purchase,Health,-4350.32,Need
31-01-2023,Bills Purchase,Bills,-2019.07,Need
19-07-2023,Subscriptions Purchase,Subscriptions,-4647.29,Need
21-08-2023,Subscriptions Purchase,Subscriptions,-2230.44,Need
12-10-2023,Investments Purchase,Investments,-943.02,Need
01-06-2023,Health Purchase,Health,-4849.8,Need
24-10-2023,Food Purchase,Food,-3790.28,Need
30-01-2023,Food Purchase,Food,-3004.05,Need
15-09-2023,Bills Purchase,Bills,-473.02,Need
18-09-2023,Travel Purchase,Travel,-4286.44,Need
05-02-2023,Travel Purchase,Travel,-3441.02,Need
01-05-2023,Social Purchase,Social,-775.46,Want
19-10-2023,Health Purchase,Health,-2978.81,Need
21-01-2023,Travel Purchase,Travel,-2212.28,Need
26-10-2023,Shopping Purchase,Shopping,-4686.59,Want
15-04-2023,Monthly Salary,Income,40972.0,Fixed
10-06-2023,Health Purchase,Health,-1474.95,Need
09-03-2023,Subscriptions Purchase,Subscriptions,-2394.68,Need
07-02-2023,Food Purchase,Food,-2399.77,Need
16-10-2023,Travel Purchase,Travel,-551.65,Need
20-04-2023,Subscriptions Purchase,Subscriptions,-835.79,Need
28-06-2023,Travel Purchase,Travel,-4420.5,Need
09-07-2023,Subscriptions Purchase,Subscriptions,-957.18,Need
06-10-2023,Subscriptions Purchase,Subscriptions,-3136.05,Need
01-12-2023,Food Purchase,Food,-3405.74,Need
11-10-2023,Subscriptions Purchase,Subscriptions,-4672.43,Need
23-02-2023,Bills Purchase,Bills,-1469.44,Need
24-02-2023,Bills Purchase,Bills,-1507.27,Need
06-11-2023,Health Purchase,Health,-3644.54,Need
15-04-2023,Subscriptions Purchase,Subscriptions,-2625.96,Need
09-05-2023,Food Purchase,Food,-643.03,Need
05-08-2023,Subscriptions Purchase,Subscriptions,-411.62,Need
20-06-2023,Bills Purchase,Bills,-3258.14,Need
15-05-2023,Bills Purchase,Bills,-3757.91,Need
10-10-2023,Social Purchase,Social,-2892.35,Want
27-02-2023,Travel Purchase,Travel,-4736.24,Need
20-12-2023,Bills Purchase,Bills,-2818.83,Need
09-07-2023,Bills Purchase,Bills,-2262.98,Need
22-01-2023,Subscriptions Purchase,Subscriptions,-1950.33,Need
21-01-2023,Shopping Purchase,Shopping,-1208.37,Want
08-05-2023,Travel Purchase,Travel,-1897.66,Need
14-10-2023,Social Purchase,Social,-4874.42,Want
21-03-2023,Health Purchase,Health,-4350.11,Need
01-04-2023,Social Purchase,Social,-318.97,Want
20-06-2023,Social Purchase,Social,-4050.73,Want
08-05-2023,Monthly Salary,Income,34371.0,Fixed
23-03-2023,Travel Purchase,Travel,-2036.2,Need
20-01-2023,Investments Purchase,Investments,-1267.68,Need
24-08-2023,Shopping Purchase,Shopping,-1664.92,Want
27-04-2023,Health Purchase,Health,-313.59,Need
09-04-2023,Social Purchase,Social,-1775.66,Want
05-02-2023,Subscriptions Purchase,Subscriptions,-1885.5,Need
18-09-2023,Social Purchase,Social,-3461.69,Want
02-10-2023,Shopping Purchase,Shopping,-4708.34,Want
01-03-2023,Subscriptions Purchase,Subscriptions,-1057.13,Need
16-05-2023,Food Purchase,Food,-720.33,Need
11-08-2023,Shopping Purchase,Shopping,-3697.02,Want
10-06-2023,Social Purchase,Social,-3109.8,Want
19-09-2023,Travel Purchase,Travel,-2048.94,Need
23-10-2023,Health Purchase,Health,-1422.67,Need
29-12-2023,Social Purchase,Social,-208.12,Want
03-10-2023,Health Purchase,Health,-1948.26,Need
05-02-2023,Shopping Purchase,Shopping,-3191.15,Want
06-12-2023,Travel Purchase,Travel,-3654.82,Need
03-06-2023,Subscriptions Purchase,Subscriptions,-3401.09,Need
17-06-2023,Social Purchase,Social,-3546.6,Want
11-10-2023,Bills Purchase,Bills,-1120.83,Need
07-12-2023,Social Purchase,Social,-3451.13,Want
31-03-2023,Subscriptions Purchase,Subscriptions,-2149.16,Need
01-01-2023,Subscriptions Purchase,Subscriptions,-1577.19,Need
09-08-2023,Shopping Purchase,Shopping,-2431.94,Want
15-08-2023,Health Purchase,Health,-2653.64,Need
28-03-2023,Travel Purchase,Travel,-1562.17,Need
06-12-2023,Shopping Purchase,Shopping,-648.26,Want
01-05-2023,Subscriptions Purchase,Subscriptions,-1278.28,Need
12-04-2023,Monthly Salary,Income,32414.0,Fixed
13-01-2023,Food Purchase,Food,-1375.24,Need
01-09-2023,Travel Purchase,Travel,-2386.0,Need
19-11-2023,Health Purchase,Health,-3648.06,Need
16-07-2023,Investments Purchase,Investments,-2118.33,Need
17-03-2023,Food Purchase,Food,-4484.77,Need
24-02-2023,Social Purchase,Social,-1250.44,Want
23-12-2023,Investments Purchase,Investments,-441.05,Need
08-05-2023,Travel Purchase,Travel,-2391.02,Need
26-08-2023,Shopping Purchase,Shopping,-4760.19,Want
15-08-2023,Social Purchase,Social,-4186.73,Want
08-10-2023,Investments Purchase,Investments,-4506.6,Need
01-09-2023,Investments Purchase,Investments,-1444.12,Need
07-05-2023,Subscriptions Purchase,Subscriptions,-3875.91,Need
24-09-2023,Investments Purchase,Investments,-3208.39,Need
21-05-2023,Investments Purchase,Investments,-571.92,Need
27-05-2023,Health Purchase,Health,-1504.23,Need
13-06-2023,Travel Purchase,Travel,-864.2,Need
29-04-2023,Social Purchase,Social,-3530.96,Want
28-12-2023,Health Purchase,Health,-508.3,Need
28-07-2023,Shopping Purchase,Shopping,-2804.53,Want
01-08-2023,Food Purchase,Food,-1192.81,Need
04-08-2023,Social Purchase,Social,-4543.22,Want
27-10-2023,Food Purchase,Food,-4312.31,Need
22-10-2023,Social Purchase,Social,-2489.5,Want
30-06-2023,Subscriptions Purchase,Subscriptions,-3816.68,Need
03-08-2023,Health Purchase,Health,-2543.5,Need
20-05-2023,Social Purchase,Social,-2531.08,Want
19-07-2023,Shopping Purchase,Shopping,-3410.59,Want
27-07-2023,Bills Purchase,Bills,-4234.43,Need
07-03-2023,Monthly Salary,Income,40195.0,Fixed
01-10-2023,Food Purchase,Food,-4553.26,Need
31-10-2023,Food Purchase,Food,-602.95,Need
08-08-2023,Bills Purchase,Bills,-4360.89,Need
04-04-2023,Food Purchase,Food,-1448.75,Need
17-06-2023,Health Purchase,Health,-2382.56,Need
22-06-2023,Social Purchase,Social,-1535.63,Want
04-08-2023,Subscriptions Purchase,Subscriptions,-4207.57,Need
29-08-2023,Food Purchase,Food,-3795.32,Need
27-01-2023,Shopping Purchase,Shopping,-1276.27,Want
05-02-2023,Food Purchase,Food,-3820.32,Need
07-05-2023,Health Purchase,Health,-4228.3,Need
15-11-2023,Bills Purchase,Bills,-1345.02,Need
31-08-2023,Travel Purchase,Travel,-2907.05,Need
22-04-2023,Investments Purchase,Investments,-3557.43,Need
08-07-2023,Bills Purchase,Bills,-3108.28,Need
28-02-2023,Bills Purchase,Bills,-4830.66,Need
25-02-2023,Food Purchase,Food,-4658.66,Need
22-10-2023,Social Purchase,Social,-2103.94,Want
12-04-2023,Travel Purchase,Travel,-3042.07,Need
18-11-2023,Health Purchase,Health,-689.13,Need
04-06-2023,Travel Purchase,Travel,-4021.89,Need
17-10-2023,Food Purchase,Food,-1866.58,Need
08-08-2023,Shopping Purchase,Shopping,-530.99,Want
28-11-2023,Shopping Purchase,Shopping,-260.73,Want
04-08-2023,Investments Purchase,Investments,-706.59,Need
05-07-2023,Investments Purchase,Investments,-3595.08,Need
11-08-2023,Bills Purchase,Bills,-3722.22,Need
30-11-2023,Subscriptions Purchase,Subscriptions,-3156.38,Need
03-10-2023,Investments Purchase,Investments,-2431.39,Need
31-10-2023,Monthly Salary,Income,34397.0,Fixed
15-06-2023,Health Purchase,Health,-4187.51,Need
14-02-2023,Subscriptions Purchase,Subscriptions,-4431.83,Need
05-05-2023,Investments Purchase,Investments,-2935.28,Need
09-12-2023,Social Purchase,Social,-1814.7,Want
11-09-2023,Shopping Purchase,Shopping,-1072.83,Want
19-04-2023,Shopping Purchase,Shopping,-4029.6,Want
24-06-2023,Subscriptions Purchase,Subscriptions,-4425.54,Need
26-12-2023,Subscriptions Purchase,Subscriptions,-2867.8,Need
22-09-2023,Health Purchase,Health,-610.94,Need
28-07-2023,Investments Purchase,Investments,-2864.85,Need
04-05-2023,Investments Purchase,Investments,-3300.33,Need
09-09-2023,Investments Purchase,Investments,-4006.08,Need
17-02-2023,Subscriptions Purchase,Subscriptions,-1263.66,Need
21-12-2023,Health Purchase,Health,-1669.79,Need
25-10-2023,Shopping Purchase,Shopping,-2471.65,Want
29-09-2023,Shopping Purchase,Shopping,-2242.42,Want
09-10-2023,Shopping Purchase,Shopping,-1888.69,Want
21-08-2023,Subscriptions Purchase,Subscriptions,-1671.79,Need
29-04-2023,Travel Purchase,Travel,-3662.16,Need
11-06-2023,Travel Purchase,Travel,-3765.83,Need
20-12-2023,Bills Purchase,Bills,-1119.4,Need
05-09-2023,Subscriptions Purchase,Subscriptions,-3678.01,Need
26-09-2023,Subscriptions Purchase,Subscriptions,-4906.45,Need
10-04-2023,Subscriptions Purchase,Subscriptions,-1291.92,Need
02-04-2023,Subscriptions Purchase,Subscriptions,-267.91,Need
01-10-2023,Bills Purchase,Bills,-1516.69,Need
28-01-2023,Subscriptions Purchase,Subscriptions,-3547.6,Need
06-03-2023,Investments Purchase,Investments,-692.42,Need
07-01-2023,Subscriptions Purchase,Subscriptions,-2453.11,Need
14-08-2023,Monthly Salary,Income,35582.0,Fixed
05-04-2023,Food Purchase,Food,-1411.9,Need
02-09-2023,Travel Purchase,Travel,-4146.16,Need
25-07-2023,Investments Purchase,Investments,-555.59,Need
19-11-2023,Food Purchase,Food,-928.29,Need
16-10-2023,Subscriptions Purchase,Subscriptions,-608.87,Need
08-05-2023,Travel Purchase,Travel,-2878.75,Need
02-08-2023,Health Purchase,Health,-3923.33,Need
14-07-2023,Investments Purchase,Investments,-4560.82,Need
02-06-2023,Social Purchase,Social,-1665.83,Want
14-11-2023,Food Purchase,Food,-3126.23,Need
20-02-2023,Health Purchase,Health,-3202.47,Need
16-05-2023,Travel Purchase,Travel,-953.87,Need
30-03-2023,Travel Purchase,Travel,-951.36,Need
29-07-2023,Investments Purchase,Investments,-3508.98,Need
29-08-2023,Subscriptions Purchase,Subscriptions,-356.67,Need
28-05-2023,Subscriptions Purchase,Subscriptions,-3574.34,Need
21-08-2023,Travel Purchase,Travel,-3499.45,Need
16-05-2023,Health Purchase,Health,-2240.67,Need
06-10-2023,Health Purchase,Health,-3308.65,Need
17-05-2023,Bills Purchase,Bills,-542.77,Need
26-03-2023,Subscriptions Purchase,Subscriptions,-3056.21,Need
19-10-2023,Subscriptions Purchase,Subscriptions,-2307.94,Need
28-08-2023,Subscriptions Purchase,Subscriptions,-3558.72,Need
20-05-2023,Investments Purchase,Investments,-2301.24,Need
03-11-2023,Food Purchase,Food,-4469.23,Need
15-06-2023,Subscriptions Purchase,Subscriptions,-324.15,Need
28-04-2023,Food Purchase,Food,-4997.95,Need
11-12-2023,Subscriptions Purchase,Subscriptions,-2965.99,Need
31-03-2023,Investments Purchase,Investments,-2691.03,Need
15-08-2023,Monthly Salary,Income,34557.0,Fixed
03-04-2023,Social Purchase,Social,-3246.97,Want
09-09-2023,Travel Purchase,Travel,-2456.05,Need
29-07-2023,Shopping Purchase,Shopping,-1741.08,Want
23-02-2023,Bills Purchase,Bills,-1783.06,Need
22-12-2023,Investments Purchase,Investments,-1583.45,Need
25-07-2023,Food Purchase,Food,-2383.16,Need
11-06-2023,Subscriptions Purchase,Subscriptions,-1751.71,Need
26-07-2023,Food Purchase,Food,-3356.77,Need
05-10-2023,Investments Purchase,Investments,-2183.59,Need
07-04-2023,Shopping Purchase,Shopping,-3188.64,Want
13-09-2023,Investments Purchase,Investments,-3847.95,Need
15-04-2023,Subscriptions Purchase,Subscriptions,-2836.25,Need
28-05-2023,Investments Purchase,Investments,-4428.06,Need
06-09-2023,Travel Purchase,Travel,-338.57,Need
19-11-2023,Health Purchase,Health,-3606.96,Need
09-06-2023,Food Purchase,Food,-2850.81,Need
17-02-2023,Health Purchase,Health,-4962.83,Need
28-02-2023,Investments Purchase,Investments,-4745.89,Need
28-11-2023,Bills Purchase,Bills,-2592.2,Need
30-05-2023,Subscriptions Purchase,Subscriptions,-2194.35,Need
05-09-2023,Investments Purchase,Investments,-1369.91,Need
10-10-2023,Bills Purchase,Bills,-2041.21,Need
03-11-2023,Bills Purchase,Bills,-4347.33,Need
22-05-2023,Social Purchase,Social,-1831.4,Want
17-09-2023,Subscriptions Purchase,Subscriptions,-4138.64,Need
25-05-2023,Subscriptions Purchase,Subscriptions,-4219.88,Need
24-10-2023,Investments Purchase,Investments,-4353.25,Need
17-08-2023,Investments Purchase,Investments,-1856.59,Need
10-10-2023,Social Purchase,Social,-2385.65,Want
14-06-2023,Monthly Salary,Income,44247.0,Fixed
07-04-2023,Health Purchase,Health,-2944.63,Need
30-04-2023,Social Purchase,Social,-409.51,Want
31-08-2023,Social Purchase,Social,-2053.18,Want
06-12-2023,Bills Purchase,Bills,-2577.58,Need
19-01-2023,Bills Purchase,Bills,-2611.0,Need
30-10-2023,Shopping Purchase,Shopping,-4374.56,Want
14-08-2023,Travel Purchase,Travel,-2724.57,Need
22-08-2023,Food Purchase,Food,-3667.73,Need
29-07-2023,Bills Purchase,Bills,-559.18,Need
16-05-2023,Shopping Purchase,Shopping,-3191.65,Want
23-07-2023,Travel Purchase,Travel,-4288.47,Need
12-12-2023,Social Purchase,Social,-4779.87,Want
17-11-2023,Investments Purchase,Investments,-4387.44,Need
19-01-2023,Travel Purchase,Travel,-1326.9,Need
17-12-2023,Subscriptions Purchase,Subscriptions,-4987.64,Need
16-02-2023,Social Purchase,Social,-4896.02,Want
21-11-2023,Travel Purchase,Travel,-2329.66,Need
22-12-2023,Subscriptions Purchase,Subscriptions,-4536.44,Need
24-01-2023,Shopping Purchase,Shopping,-4021.49,Want
31-05-2023,Shopping Purchase,Shopping,-1999.24,Want
16-03-2023,Health Purchase,Health,-2749.6,Need
17-10-2023,Bills Purchase,Bills,-1015.92,Need
10-02-2023,Social Purchase,Social,-3174.61,Want
04-05-2023,Investments Purchase,Investments,-4581.58,Need
15-03-2023,Health Purchase,Health,-2413.52,Need
11-05-2023,Investments Purchase,Investments,-1425.57,Need
05-01-2023,Investments Purchase,Investments,-4525.81,Need
13-12-2023,Bills Purchase,Bills,-554.54,Need
26-06-2023,Subscriptions Purchase,Subscriptions,-3266.91,Need
06-08-2023,Monthly Salary,Income,41310.0,Fixed
09-05-2023,Investments Purchase,Investments,-4257.46,Need
12-04-2023,Social Purchase,Social,-4296.01,Want
24-02-2023,Health Purchase,Health,-2030.55,Need
03-07-2023,Subscriptions Purchase,Subscriptions,-4964.92,Need
01-06-2023,Food Purchase,Food,-4894.13,Need
04-12-2023,Social Purchase,Social,-1517.51,Want
17-10-2023,Food Purchase,Food,-4570.96,Need
12-09-2023,Subscriptions Purchase,Subscriptions,-3923.56,Need
28-04-2023,Shopping Purchase,Shopping,-1251.22,Want
08-04-2023,Subscriptions Purchase,Subscriptions,-3453.27,Need
04-12-2023,Bills Purchase,Bills,-3215.59,Need
18-11-2023,Food Purchase,Food,-1682.88,Need
14-08-2023,Food Purchase,Food,-2981.95,Need
09-03-2023,Travel Purchase,Travel,-4566.21,Need
17-06-2023,Social Purchase,Social,-1043.07,Want
09-03-2023,Shopping Purchase,Shopping,-2748.09,Want
20-05-2023,Bills Purchase,Bills,-1433.46,Need
04-09-2023,Subscriptions Purchase,Subscriptions,-3783.48,Need
23-06-2023,Travel Purchase,Travel,-2447.99,Need
08-02-2023,Bills Purchase,Bills,-3819.93,Need
26-04-2023,Social Purchase,Social,-4842.89,Want
13-10-2023,Shopping Purchase,Shopping,-633.45,Want
22-07-2023,Food Purchase,Food,-1469.4,Need
05-03-2023,Investments Purchase,Investments,-1969.21,Need
11-12-2023,Subscriptions Purchase,Subscriptions,-3005.89,Need
23-11-2023,Shopping Purchase,Shopping,-720.06,Want
30-04-2023,Investments Purchase,Investments,-320.12,Need
15-10-2023,Shopping Purchase,Shopping,-4593.23,Want
24-04-2023,Travel Purchase,Travel,-3249.94,Need
26-08-2023,Monthly Salary,Income,44899.0,Fixed
25-12-2023,Subscriptions Purchase,Subscriptions,-3316.35,Need
01-03-2023,Bills Purchase,Bills,-417.66,Need
20-01-2023,Subscriptions Purchase,Subscriptions,-4980.45,Need
01-03-2023,Travel Purchase,Travel,-1327.04,Need
03-10-2023,Bills Purchase,Bills,-2065.5,Need
09-07-2023,Social Purchase,Social,-3019.23,Want
21-03-2023,Social Purchase,Social,-3343.63,Want
08-09-2023,Social Purchase,Social,-4707.45,Want
24-05-2023,Food Purchase,Food,-3513.35,Need
22-04-2023,Investments Purchase,Investments,-2334.54,Need
01-05-2023,Shopping Purchase,Shopping,-676.9,Want
18-12-2023,Shopping Purchase,Shopping,-2813.44,Want
27-11-2023,Shopping Purchase,Shopping,-490.64,Want
22-05-2023,Health Purchase,Health,-4847.39,Need
21-08-2023,Travel Purchase,Travel,-3381.29,Need
25-11-2023,Food Purchase,Food,-442.78,Need
20-06-2023,Health Purchase,Health,-4946.34,Need
17-10-2023,Health Purchase,Health,-529.33,Need
11-10-2023,Health Purchase,Health,-3014.64,Need
30-04-2023,Shopping Purchase,Shopping,-3916.97,Want
02-11-2023,Food Purchase,Food,-1530.92,Need
16-03-2023,Bills Purchase,Bills,-2793.03,Need
31-03-2023,Travel Purchase,Travel,-3373.08,Need
14-01-2023,Bills Purchase,Bills,-271.33,Need
02-05-2023,Shopping Purchase,Shopping,-275.75,Want
16-05-2023,Food Purchase,Food,-808.44,Need
04-08-2023,Travel Purchase,Travel,-3779.19,Need
01-09-2023,Investments Purchase,Investments,-3934.48,Need
20-09-2023,Travel Purchase,Travel,-2369.63,Need
24-04-2023,Monthly Salary,Income,40077.0,Fixed
23-01-2023,Subscriptions Purchase,Subscriptions,-2398.6,Need
16-01-2023,Food Purchase,Food,-4993.22,Need
25-07-2023,Social Purchase,Social,-3493.27,Want
09-09-2023,Investments Purchase,Investments,-552.76,Need
11-02-2023,Shopping Purchase,Shopping,-3119.83,Want
03-02-2023,Bills Purchase,Bills,-1520.08,Need
21-11-2023,Shopping Purchase,Shopping,-2028.34,Want
02-11-2023,Subscriptions Purchase,Subscriptions,-2377.83,Need
06-11-2023,Social Purchase,Social,-676.06,Want
26-12-2023,Travel Purchase,Travel,-4293.41,Need
30-11-2023,Health Purchase,Health,-2264.34,Need
27-04-2023,Social Purchase,Social,-1826.87,Want
21-08-2023,Social Purchase,Social,-2196.75,Want
18-02-2023,Shopping Purchase,Shopping,-2248.47,Want
07-12-2023,Subscriptions Purchase,Subscriptions,-1996.64,Need
20-03-2023,Investments Purchase,Investments,-522.24,Need
13-02-2023,Travel Purchase,Travel,-2273.01,Need
10-07-2023,Bills Purchase,Bills,-2870.58,Need
28-10-2023,Shopping Purchase,Shopping,-3416.06,Want
30-07-2023,Shopping Purchase,Shopping,-4393.32,Want
05-08-2023,Food Purchase,Food,-4848.31,Need
04-11-2023,Subscriptions Purchase,Subscriptions,-1887.9,Need
23-10-2023,Health Purchase,Health,-942.7,Need
04-09-2023,Health Purchase,Health,-4266.92,Need
29-06-2023,Shopping Purchase,Shopping,-751.45,Want
23-05-2023,Health Purchase,Health,-4074.66,Need
15-10-2023,Food Purchase,Food,-3123.18,Need
03-12-2023,Subscriptions Purchase,Subscriptions,-338.98,Need
20-05-2023,Subscriptions Purchase,Subscriptions,-4623.38,Need
29-06-2023,Monthly Salary,Income,30100.0,Fixed
03-04-2023,Bills Purchase,Bills,-2918.34,Need
25-07-2023,Travel Purchase,Travel,-881.0,Need
21-11-2023,Food Purchase,Food,-640.44,Need
29-09-2023,Health Purchase,Health,-2005.73,Need
21-08-2023,Shopping Purchase,Shopping,-955.56,Want
09-06-2023,Shopping Purchase,Shopping,-3928.81,Want
18-10-2023,Travel Purchase,Travel,-4440.04,Need
21-03-2023,Bills Purchase,Bills,-3821.29,Need
26-01-2023,Travel Purchase,Travel,-1506.09,Need
05-12-2023,Social Purchase,Social,-2531.18,Want
15-08-2023,Social Purchase,Social,-1511.2,Want
20-09-2023,Travel Purchase,Travel,-1856.83,Need
26-02-2023,Subscriptions Purchase,Subscriptions,-3455.45,Need
31-10-2023,Investments Purchase,Investments,-2729.28,Need
07-06-2023,Food Purchase,Food,-1258.49,Need
03-11-2023,Food Purchase,Food,-236.9,Need
04-06-2023,Health Purchase,Health,-3883.28,Need
11-05-2023,Subscriptions Purchase,Subscriptions,-1774.99,Need
04-01-2023,Investments Purchase,Investments,-3785.67,Need
31-03-2023,Bills Purchase,Bills,-2025.0,Need
27-12-2023,Health Purchase,Health,-2601.26,Need
09-12-2023,Shopping Purchase,Shopping,-545.96,Want
22-01-2023,Social Purchase,Social,-289.96,Want
09-02-2023,Shopping Purchase,Shopping,-2963.64,Want
21-10-2023,Social Purchase,Social,-3605.6,Want
02-08-2023,Subscriptions Purchase,Subscriptions,-752.83,Need
11-01-2023,Shopping Purchase,Shopping,-1024.99,Want
13-11-2023,Investments Purchase,Investments,-4193.72,Need
05-07-2023,Travel Purchase,Travel,-2296.22,Need
24-02-2023,Monthly Salary,Income,33986.0,Fixed
12-08-2023,Social Purchase,Social,-2715.02,Want
22-07-2023,Subscriptions Purchase,Subscriptions,-3779.86,Need
24-04-2023,Shopping Purchase,Shopping,-3939.77,Want
09-02-2023,Travel Purchase,Travel,-2746.9,Need
10-04-2023,Shopping Purchase,Shopping,-1885.28,Want
27-11-2023,Bills Purchase,Bills,-1334.09,Need
16-03-2023,Subscriptions Purchase,Subscriptions,-1146.9,Need
05-11-2023,Bills Purchase,Bills,-3849.03,Need
02-12-2023,Travel Purchase,Travel,-1050.3,Need
18-11-2023,Investments Purchase,Investments,-2426.97,Need
16-10-2023,Investments Purchase,Investments,-3469.44,Need
17-10-2023,Shopping Purchase,Shopping,-4348.38,Want
18-11-2023,Shopping Purchase,Shopping,-924.6,Want
04-02-2023,Investments Purchase,Investments,-2322.6,Need
05-06-2023,Subscriptions Purchase,Subscriptions,-3038.81,Need
30-06-2023,Travel Purchase,Travel,-1689.96,Need
20-08-2023,Food Purchase,Food,-473.07,Need
27-05-2023,Travel Purchase,Travel,-3294.4,Need
16-02-2023,Social Purchase,Social,-2421.02,Want
11-10-2023,Food Purchase,Food,-2358.72,Need
20-10-2023,Health Purchase,Health,-1743.33,Need
01-09-2023,Bills Purchase,Bills,-4797.07,Need
19-08-2023,Travel Purchase,Travel,-4092.64,Need
25-06-2023,Travel Purchase,Travel,-2621.84,Need
30-03-2023,Food Purchase,Food,-1389.17,Need
13-08-2023,Investments Purchase,Investments,-2715.53,Need
09-11-2023,Bills Purchase,Bills,-1946.71,Need
25-05-2023,Social Purchase,Social,-2162.09,Want
23-06-2023,Food Purchase,Food,-3988.29,Need
28-11-2023,Monthly Salary,Income,35482.0,Fixed
03-02-2023,Shopping Purchase,Shopping,-653.63,Want
14-12-2023,Social Purchase,Social,-1563.91,Want
03-12-2023,Bills Purchase,Bills,-1800.14,Need
26-10-2023,Bills Purchase,Bills,-4600.38,Need
08-06-2023,Social Purchase,Social,-818.97,Want
29-12-2023,Travel Purchase,Travel,-1685.99,Need
12-07-2023,Shopping Purchase,Shopping,-4103.29,Want
10-12-2023,Travel Purchase,Travel,-3300.92,Need
05-08-2023,Shopping Purchase,Shopping,-287.51,Want
08-06-2023,Bills Purchase,Bills,-4765.61,Need
24-06-2023,Investments Purchase,Investments,-1121.63,Need
12-03-2023,Bills Purchase,Bills,-570.39,Need
21-02-2023,Food Purchase,Food,-3377.26,Need
13-11-2023,Bills Purchase,Bills,-3066.78,Need
20-03-2023,Bills Purchase,Bills,-1068.06,Need
21-12-2023,Bills Purchase,Bills,-3661.68,Need
23-01-2023,Social Purchase,Social,-1948.64,Want
02-05-2023,Investments Purchase,Investments,-3130.86,Need
18-08-2023,Health Purchase,Health,-2763.25,Need
08-06-2023,Investments Purchase,Investments,-4539.08,Need
10-04-2023,Shopping Purchase,Shopping,-3455.87,Want
20-10-2023,Investments Purchase,Investments,-2416.06,Need
25-05-2023,Social Purchase,Social,-2613.95,Want
03-08-2023,Bills Purchase,Bills,-4121.08,Need
06-11-2023,Bills Purchase,Bills,-4390.41,Need
27-01-2023,Investments Purchase,Investments,-4395.76,Need
11-10-2023,Travel Purchase,Travel,-3614.72,Need
22-09-2023,Travel Purchase,Travel,-1568.3,Need
24-03-2023,Subscriptions Purchase,Subscriptions,-2356.73,Need
20-09-2023,Monthly Salary,Income,32414.0,Fixed
12-08-2023,Travel Purchase,Travel,-4742.78,Need
24-04-2023,Investments Purchase,Investments,-4446.22,Need
14-01-2023,Social Purchase,Social,-455.63,Want
15-09-2023,Shopping Purchase,Shopping,-1331.73,Want
11-02-2023,Shopping Purchase,Shopping,-1277.79,Want
13-06-2023,Travel Purchase,Travel,-4228.05,Need
29-11-2023,Shopping Purchase,Shopping,-3998.63,Want
12-03-2023,Food Purchase,Food,-1577.02,Need
30-08-2023,Bills Purchase,Bills,-3842.44,Need
29-08-2023,Investments Purchase,Investments,-3153.67,Need
10-02-2023,Food Purchase,Food,-1428.43,Need
18-03-2023,Social Purchase,Social,-733.7,Want
28-05-2023,Health Purchase,Health,-1645.53,Need
25-01-2023,Health Purchase,Health,-2215.16,Need
15-11-2023,Investments Purchase,Investments,-501.47,Need
13-09-2023,Food Purchase,Food,-3233.38,Need
22-10-2023,Health Purchase,Health,-3649.01,Need
30-05-2023,Social Purchase,Social,-207.51,Want
30-06-2023,Health Purchase,Health,-2939.19,Need
06-04-2023,Travel Purchase,Travel,-2712.73,Need
04-07-2023,Travel Purchase,Travel,-4776.34,Need
06-10-2023,Food Purchase,Food,-2074.18,Need
29-08-2023,Food Purchase,Food,-3251.22,Need
11-07-2023,Subscriptions Purchase,Subscriptions,-3787.12,Need
02-07-2023,Travel Purchase,Travel,-1855.05,Need
03-12-2023,Travel Purchase,Travel,-3903.21,Need
20-06-2023,Bills Purchase,Bills,-412.81,Need
07-10-2023,Shopping Purchase,Shopping,-4104.84,Want
31-03-2023,Investments Purchase,Investments,-4907.93,Need
03-09-2023,Monthly Salary,Income,40350.0,Fixed
04-04-2023,Bills Purchase,Bills,-502.88,Need
23-08-2023,Food Purchase,Food,-1608.52,Need
23-01-2023,Health Purchase,Health,-4451.79,Need
11-06-2023,Subscriptions Purchase,Subscriptions,-2673.84,Need
06-10-2023,Investments Purchase,Investments,-1415.91,Need
28-11-2023,Health Purchase,Health,-1573.33,Need
25-01-2023,Shopping Purchase,Shopping,-1511.44,Want
08-07-2023,Social Purchase,Social,-4469.54,Want
14-08-2023,Social Purchase,Social,-1827.38,Want
06-04-2023,Investments Purchase,Investments,-3521.93,Need
08-07-2023,Subscriptions Purchase,Subscriptions,-4045.51,Need
06-08-2023,Travel Purchase,Travel,-2266.91,Need
03-04-2023,Subscriptions Purchase,Subscriptions,-1741.81,Need
10-02-2023,Shopping Purchase,Shopping,-3372.41,Want
06-06-2023,Investments Purchase,Investments,-3092.58,Need
07-08-2023,Bills Purchase,Bills,-3510.87,Need
29-06-2023,Investments Purchase,Investments,-403.3,Need
30-06-2023,Social Purchase,Social,-1517.87,Want
30-01-2023,Travel Purchase,Travel,-3421.68,Need
27-07-2023,Shopping Purchase,Shopping,-2662.81,Want
14-12-2023,Bills Purchase,Bills,-4773.39,Need
15-03-2023,Investments Purchase,Investments,-367.04,Need
04-02-2023,Health Purchase,Health,-3936.87,Need
07-07-2023,Shopping Purchase,Shopping,-2037.7,Want
18-10-2023,Food Purchase,Food,-3104.46,Need
14-12-2023,Investments Purchase,Investments,-4754.35,Need
10-07-2023,Investments Purchase,Investments,-3862.81,Need
21-10-2023,Bills Purchase,Bills,-2741.41,Need
23-07-2023,Shopping Purchase,Shopping,-3317.89,Want
08-05-2023,Monthly Salary,Income,31858.0,Fixed
14-01-2023,Bills Purchase,Bills,-2595.41,Need
18-07-2023,Travel Purchase,Travel,-1456.53,Need
14-05-2023,Investments Purchase,Investments,-1229.94,Need
10-11-2023,Subscriptions Purchase,Subscriptions,-3531.11,Need
09-09-2023,Health Purchase,Health,-788.66,Need
07-02-2023,Investments Purchase,Investments,-1028.75,Need
16-08-2023,Travel Purchase,Travel,-4090.46,Need
13-06-2023,Shopping Purchase,Shopping,-3605.79,Want
09-10-2023,Subscriptions Purchase,Subscriptions,-4478.39,Need
22-03-2023,Bills Purchase,Bills,-4009.74,Need
18-09-2023,Health Purchase,Health,-782.54,Need
13-04-2023,Bills Purchase,Bills,-1336.33,Need
10-09-2023,Food Purchase,Food,-1932.3,Need
21-10-2023,Shopping Purchase,Shopping,-2443.55,Want
10-10-2023,Bills Purchase,Bills,-3137.35,Need
14-02-2023,Travel Purchase,Travel,-1684.6,Need
03-09-2023,Social Purchase,Social,-3891.99,Want
22-10-2023,Travel Purchase,Travel,-801.57,Need
12-06-2023,Travel Purchase,Travel,-2359.88,Need
15-12-2023,Shopping Purchase,Shopping,-816.01,Want
10-10-2023,Bills Purchase,Bills,-3885.35,Need
08-03-2023,Social Purchase,Social,-2613.75,Want
29-01-2023,Travel Purchase,Travel,-2686.89,Need
05-06-2023,Bills Purchase,Bills,-977.44,Need
30-12-2023,Health Purchase,Health,-1860.91,Need
23-09-2023,Subscriptions Purchase,Subscriptions,-4260.48,Need
09-05-2023,Health Purchase,Health,-3248.27,Need
10-10-2023,Subscriptions Purchase,Subscriptions,-800.82,Need
05-06-2023,Travel Purchase,Travel,-2612.35,Need
28-03-2023,Monthly Salary,Income,39696.0,Fixed
25-10-2023,Bills Purchase,Bills,-1021.76,Need
16-11-2023,Shopping Purchase,Shopping,-4244.14,Want
16-10-2023,Food Purchase,Food,-4161.13,Need
15-01-2023,Travel Purchase,Travel,-418.22,Need
25-11-2023,Subscriptions Purchase,Subscriptions,-3325.42,Need
20-10-2023,Social Purchase,Social,-3166.92,Want
16-01-2023,Investments Purchase,Investments,-4467.19,Need
07-10-2023,Subscriptions Purchase,Subscriptions,-3281.15,Need
04-06-2023,Investments Purchase,Investments,-1375.41,Need
17-12-2023,Social Purchase,Social,-1627.68,Want
07-02-2023,Food Purchase,Food,-958.79,Need
01-08-2023,Investments Purchase,Investments,-2429.32,Need
24-06-2023,Bills Purchase,Bills,-1700.4,Need
13-06-2023,Shopping Purchase,Shopping,-4881.8,Want
08-03-2023,Shopping Purchase,Shopping,-2671.9,Want
24-02-2023,Shopping Purchase,Shopping,-1360.34,Want
04-03-2023,Subscriptions Purchase,Subscriptions,-2358.06,Need
14-03-2023,Travel Purchase,Travel,-442.91,Need
16-07-2023,Social Purchase,Social,-1391.7,Want
23-03-2023,Shopping Purchase,Shopping,-4682.01,Want
10-06-2023,Health Purchase,Health,-3862.98,Need
13-09-2023,Investments Purchase,Investments,-2594.05,Need
07-06-2023,Investments Purchase,Investments,-311.25,Need
21-07-2023,Investments Purchase,Investments,-4840.1,Need
21-04-2023,Shopping Purchase,Shopping,-433.56,Want
25-05-2023,Investments Purchase,Investments,-3068.09,Need
01-12-2023,Investments Purchase,Investments,-1571.59,Need
05-01-2023,Travel Purchase,Travel,-2268.45,Need
16-05-2023,Shopping Purchase,Shopping,-3866.51,Want
07-07-2023,Monthly Salary,Income,30741.0,Fixed
25-07-2023,Food Purchase,Food,-2937.35,Need
10-04-2023,Shopping Purchase,Shopping,-2855.47,Want
07-02-2023,Social Purchase,Social,-2620.43,Want
09-10-2023,Subscriptions Purchase,Subscriptions,-4161.49,Need
16-11-2023,Travel Purchase,Travel,-817.58,Need
19-02-2023,Social Purchase,Social,-1991.35,Want
23-06-2023,Shopping Purchase,Shopping,-3823.83,Want
12-04-2023,Social Purchase,Social,-2600.37,Want
24-01-2023,Food Purchase,Food,-857.77,Need
20-06-2023,Investments Purchase,Investments,-2692.8,Need
18-03-2023,Bills Purchase,Bills,-1774.24,Need
10-11-2023,Shopping Purchase,Shopping,-980.01,Want
12-11-2023,Subscriptions Purchase,Subscriptions,-3049.88,Need
17-09-2023,Investments Purchase,Investments,-3601.95,Need
03-06-2023,Investments Purchase,Investments,-4115.59,Need
08-07-2023,Shopping Purchase,Shopping,-3434.27,Want
02-08-2023,Subscriptions Purchase,Subscriptions,-4024.42,Need
19-12-2023,Food Purchase,Food,-3065.17,Need
16-05-2023,Health Purchase,Health,-3662.72,Need
26-10-2023,Investments Purchase,Investments,-1018.46,Need
19-11-2023,Social Purchase,Social,-909.32,Want
15-12-2023,Health Purchase,Health,-351.54,Need
25-12-2023,Travel Purchase,Travel,-1115.76,Need
14-08-2023,Shopping Purchase,Shopping,-2210.15,Want
31-07-2023,Health Purchase,Health,-2169.81,Need
10-11-2023,Investments Purchase,Investments,-4389.53,Need
01-02-2023,Bills Purchase,Bills,-2689.68,Need
15-10-2023,Shopping Purchase,Shopping,-4990.99,Want
02-09-2023,Social Purchase,Social,-1706.01,Want
30-03-2023,Monthly Salary,Income,37531.0,Fixed
30-09-2023,Shopping Purchase,Shopping,-2822.11,Want
13-12-2023,Subscriptions Purchase,Subscriptions,-3128.37,Need
09-04-2023,Health Purchase,Health,-1539.23,Need
02-06-2023,Health Purchase,Health,-4719.13,Need
02-06-2023,Subscriptions Purchase,Subscriptions,-3583.52,Need
20-12-2023,Investments Purchase,Investments,-1721.8,Need
28-06-2023,Subscriptions Purchase,Subscriptions,-1581.39,Need
21-10-2023,Social Purchase,Social,-4499.65,Want
22-07-2023,Shopping Purchase,Shopping,-4782.12,Want
16-03-2023,Subscriptions Purchase,Subscriptions,-401.92,Need
10-02-2023,Shopping Purchase,Shopping,-4635.25,Want
02-12-2023,Subscriptions Purchase,Subscriptions,-3787.22,Need
20-04-2023,Health Purchase,Health,-4174.17,Need
19-05-2023,Subscriptions Purchase,Subscriptions,-858.91,Need
12-11-2023,Health Purchase,Health,-1363.8,Need
09-12-2023,Health Purchase,Health,-3262.13,Need
27-01-2023,Travel Purchase,Travel,-2183.85,Need
30-08-2023,Travel Purchase,Travel,-3469.72,Need
12-03-2023,Food Purchase,Food,-4829.69,Need
22-03-2023,Social Purchase,Social,-3333.89,Want
01-09-2023,Investments Purchase,Investments,-3322.59,Need
28-05-2023,Shopping Purchase,Shopping,-1569.99,Want
31-01-2023,Travel Purchase,Travel,-3331.03,Need
29-04-2023,Food Purchase,Food,-4583.5,Need
31-03-2023,Social Purchase,Social,-4434.78,Want
01-04-2023,Food Purchase,Food,-4986.42,Need
23-07-2023,Investments Purchase,Investments,-1094.3,Need
29-05-2023,Food Purchase,Food,-244.48,Need
18-10-2023,Travel Purchase,Travel,-4656.58,Need
21-06-2023,Monthly Salary,Income,34662.0,Fixed
21-08-2023,Investments Purchase,Investments,-4468.45,Need
10-03-2023,Investments Purchase,Investments,-1509.62,Need
27-02-2023,Shopping Purchase,Shopping,-979.97,Want
23-08-2023,Subscriptions Purchase,Subscriptions,-3649.27,Need
08-01-2023,Shopping Purchase,Shopping,-3995.68,Want
18-10-2023,Health Purchase,Health,-1042.38,Need
24-11-2023,Social Purchase,Social,-4169.55,Want
21-09-2023,Shopping Purchase,Shopping,-616.34,Want
09-12-2023,Travel Purchase,Travel,-1086.95,Need
13-03-2023,Investments Purchase,Investments,-1753.29,Need
08-05-2023,Food Purchase,Food,-1451.77,Need
01-05-2023,Investments Purchase,Investments,-3818.03,Need
18-06-2023,Subscriptions Purchase,Subscriptions,-2995.81,Need
21-10-2023,Food Purchase,Food,-1455.46,Need
04-07-2023,Health Purchase,Health,-498.2,Need
02-03-2023,Investments Purchase,Investments,-1672.67,Need
27-07-2023,Subscriptions Purchase,Subscriptions,-3513.39,Need
24-11-2023,Subscriptions Purchase,Subscriptions,-1964.21,Need
24-04-2023,Health Purchase,Health,-4795.33,Need
02-09-2023,Bills Purchase,Bills,-2383.9,Need
07-11-2023,Shopping Purchase,Shopping,-2196.06,Want
09-10-2023,Investments Purchase,Investments,-3835.28,Need
07-12-2023,Health Purchase,Health,-3856.93,Need
15-12-2023,Travel Purchase,Travel,-2722.43,Need
28-09-2023,Shopping Purchase,Shopping,-574.89,Want
16-10-2023,Travel Purchase,Travel,-496.44,Need
08-10-2023,Health Purchase,Health,-2948.97,Need
18-03-2023,Bills Purchase,Bills,-1774.96,Need
24-09-2023,Investments Purchase,Investments,-757.95,Need
16-04-2023,Monthly Salary,Income,41745.0,Fixed
26-10-2023,Investments Purchase,Investments,-636.52,Need
19-09-2023,Investments Purchase,Investments,-4081.72,Need
21-08-2023,Bills Purchase,Bills,-2663.59,Need
22-08-2023,Food Purchase,Food,-2882.23,Need
11-12-2023,Subscriptions Purchase,Subscriptions,-3671.74,Need
22-07-2023,Subscriptions Purchase,Subscriptions,-4118.98,Need
22-04-2023,Travel Purchase,Travel,-417.39,Need
26-06-2023,Travel Purchase,Travel,-2797.58,Need
31-01-2023,Travel Purchase,Travel,-4933.46,Need
30-08-2023,Food Purchase,Food,-1578.04,Need
03-04-2023,Bills Purchase,Bills,-3875.97,Need
27-11-2023,Social Purchase,Social,-1997.41,Want
15-07-2023,Investments Purchase,Investments,-4374.18,Need
13-07-2023,Social Purchase,Social,-585.2,Want
05-12-2023,Bills Purchase,Bills,-3336.96,Need
28-06-2023,Travel Purchase,Travel,-1056.67,Need
03-10-2023,Social Purchase,Social,-2738.44,Want
25-04-2023,Food Purchase,Food,-3829.66,Need
02-06-2023,Investments Purchase,Investments,-3432.8,Need
06-10-2023,Social Purchase,Social,-2753.28,Want
28-04-2023,Health Purchase,Health,-2411.0,Need
21-03-2023,Subscriptions Purchase,Subscriptions,-1104.71,Need
27-02-2023,Food Purchase,Food,-4085.5,Need
03-08-2023,Food Purchase,Food,-1355.2,Need
04-02-2023,Travel Purchase,Travel,-3050.93,Need
17-08-2023,Food Purchase,Food,-1374.72,Need
23-01-2023,Social Purchase,Social,-2307.02,Want
04-10-2023,Health Purchase,Health,-3821.05,Need
29-01-2023,Bills Purchase,Bills,-2618.7,Need
29-05-2023,Monthly Salary,Income,33836.0,Fixed
22-10-2023,Shopping Purchase,Shopping,-2971.88,Want
11-12-2023,Shopping Purchase,Shopping,-1337.14,Want
15-03-2023,Health Purchase,Health,-2185.09,Need
21-05-2023,Food Purchase,Food,-2872.25,Need
30-10-2023,Bills Purchase,Bills,-3204.77,Need
07-08-2023,Investments Purchase,Investments,-425.04,Need
26-06-2023,Social Purchase,Social,-3971.86,Want
13-06-2023,Social Purchase,Social,-2159.64,Want
03-06-2023,Social Purchase,Social,-1082.62,Want
03-10-2023,Investments Purchase,Investments,-1356.65,Need
26-04-2023,Subscriptions Purchase,Subscriptions,-4316.2,Need
15-03-2023,Investments Purchase,Investments,-4590.76,Need
15-10-2023,Social Purchase,Social,-4845.37,Want
13-10-2023,Bills Purchase,Bills,-2064.41,Need
11-05-2023,Health Purchase,Health,-1785.26,Need
10-02-2023,Investments Purchase,Investments,-4266.24,Need
17-02-2023,Health Purchase,Health,-447.38,Need
13-07-2023,Food Purchase,Food,-4393.38,Need
07-04-2023,Health Purchase,Health,-2501.09,Need
20-06-2023,Subscriptions Purchase,Subscriptions,-4793.69,Need
08-01-2023,Health Purchase,Health,-4698.37,Need
02-03-2023,Investments Purchase,Investments,-4589.32,Need
23-12-2023,Health Purchase,Health,-2103.83,Need
03-05-2023,Shopping Purchase,Shopping,-3922.47,Want
14-07-2023,Investments Purchase,Investments,-2761.52,Need
03-07-2023,Subscriptions Purchase,Subscriptions,-1455.5,Need
20-09-2023,Investments Purchase,Investments,-2436.82,Need
29-08-2023,Shopping Purchase,Shopping,-4588.79,Want
09-07-2023,Shopping Purchase,Shopping,-2186.86,Want
16-10-2023,Monthly Salary,Income,44157.0,Fixed
24-04-2023,Bills Purchase,Bills,-277.86,Need
11-10-2023,Social Purchase,Social,-1616.92,Want
11-04-2023,Shopping Purchase,Shopping,-1304.09,Want
19-10-2023,Health Purchase,Health,-2596.65,Need
02-12-2023,Shopping Purchase,Shopping,-1435.17,Want
08-09-2023,Investments Purchase,Investments,-2411.98,Need
30-06-2023,Bills Purchase,Bills,-871.8,Need
07-10-2023,Investments Purchase,Investments,-1083.43,Need
05-10-2023,Food Purchase,Food,-2714.93,Need
08-02-2023,Food Purchase,Food,-3868.83,Need
31-07-2023,Bills Purchase,Bills,-4244.21,Need
29-04-2023,Travel Purchase,Travel,-3594.41,Need
05-01-2023,Health Purchase,Health,-2627.52,Need
11-07-2023,Food Purchase,Food,-3165.61,Need
08-12-2023,Investments Purchase,Investments,-3364.56,Need
09-01-2023,Food Purchase,Food,-2754.62,Need
30-07-2023,Food Purchase,Food,-280.29,Need
21-05-2023,Subscriptions Purchase,Subscriptions,-282.28,Need
24-12-2023,Social Purchase,Social,-4069.6,Want
02-04-2023,Travel Purchase,Travel,-4606.63,Need
26-09-2023,Bills Purchase,Bills,-1356.65,Need
14-11-2023,Subscriptions Purchase,Subscriptions,-4113.03,Need
17-05-2023,Social Purchase,Social,-579.29,Want
27-07-2023,Investments Purchase,Investments,-2912.01,Need
23-12-2023,Health Purchase,Health,-1639.88,Need
11-02-2023,Food Purchase,Food,-648.8,Need
14-07-2023,Social Purchase,Social,-2852.97,Want
29-01-2023,Food Purchase,Food,-3573.66,Need
12-02-2023,Investments Purchase,Investments,-4257.58,Need
27-11-2023,Monthly Salary,Income,42851.0,Fixed
19-06-2023,Travel Purchase,Travel,-4495.0,Need
22-01-2023,Health Purchase,Health,-1214.8,Need
21-12-2023,Investments Purchase,Investments,-1501.26,Need
08-02-2023,Subscriptions Purchase,Subscriptions,-4516.7,Need
16-10-2023,Food Purchase,Food,-1060.9,Need
11-06-2023,Food Purchase,Food,-4815.05,Need
28-10-2023,Bills Purchase,Bills,-3810.82,Need
31-12-2023,Social Purchase,Social,-4658.6,Want
03-06-2023,Bills Purchase,Bills,-2907.0,Need
18-10-2023,Social Purchase,Social,-3449.77,Want
04-10-2023,Shopping Purchase,Shopping,-2042.46,Want
13-03-2023,Travel Purchase,Travel,-2603.81,Need
27-06-2023,Food Purchase,Food,-668.89,Need
29-04-2023,Travel Purchase,Travel,-1834.85,Need
11-11-2023,Social Purchase,Social,-4850.82,Want
17-06-2023,Food Purchase,Food,-3243.79,Need
19-08-2023,Investments Purchase,Investments,-1295.06,Need
11-10-2023,Social Purchase,Social,-2272.87,Want
15-12-2023,Social Purchase,Social,-611.33,Want
13-11-2023,Subscriptions Purchase,Subscriptions,-4030.66,Need
07-02-2023,Travel Purchase,Travel,-1486.27,Need
14-07-2023,Bills Purchase,Bills,-3750.35,Need
12-06-2023,Shopping Purchase,Shopping,-711.44,Want
03-01-2023,Subscriptions Purchase,Subscriptions,-2334.73,Need
19-05-2023,Travel Purchase,Travel,-836.03,Need
06-04-2023,Social Purchase,Social,-2354.45,Want
12-10-2023,Social Purchase,Social,-695.81,Want
15-02-2023,Shopping Purchase,Shopping,-2860.26,Want
02-11-2023,Shopping Purchase,Shopping,-4345.85,Want
07-01-2023,Monthly Salary,Income,34781.0,Fixed
31-07-2023,Social Purchase,Social,-3940.01,Want
14-10-2023,Health Purchase,Health,-2945.41,Need
28-03-2023,Social Purchase,Social,-1013.61,Want
18-05-2023,Subscriptions Purchase,Subscriptions,-1488.35,Need
16-03-2023,Travel Purchase,Travel,-1002.6,Need
22-05-2023,Social Purchase,Social,-1638.81,Want
09-02-2023,Shopping Purchase,Shopping,-1408.16,Want
07-05-2023,Investments Purchase,Investments,-3050.27,Need
11-04-2023,Investments Purchase,Investments,-713.47,Need
05-06-2023,Food Purchase,Food,-4754.35,Need
20-06-2023,Social Purchase,Social,-4059.57,Want
18-06-2023,Investments Purchase,Investments,-1806.73,Need
30-11-2023,Bills Purchase,Bills,-1642.09,Need
05-11-2023,Health Purchase,Health,-2499.25,Need
01-04-2023,Social Purchase,Social,-4849.88,Want
30-05-2023,Investments Purchase,Investments,-4845.26,Need
05-05-2023,Shopping Purchase,Shopping,-2005.07,Want
21-07-2023,Shopping Purchase,Shopping,-746.66,Want
16-10-2023,Health Purchase,Health,-3042.69,Need
07-10-2023,Bills Purchase,Bills,-3472.22,Need
09-10-2023,Food Purchase,Food,-4774.42,Need
25-08-2023,Health Purchase,Health,-2304.58,Need
30-05-2023,Travel Purchase,Travel,-4131.03,Need
29-07-2023,Investments Purchase,Investments,-868.06,Need
05-06-2023,Health Purchase,Health,-1412.87,Need
20-03-2023,Social Purchase,Social,-3987.57,Want
07-02-2023,Investments Purchase,Investments,-4955.36,Need
03-09-2023,Social Purchase,Social,-2764.96,Want
21-12-2023,Social Purchase,Social,-2809.5,Want
04-07-2023,Monthly Salary,Income,41495.0,Fixed
02-10-2023,Travel Purchase,Travel,-724.97,Need
08-05-2023,Shopping Purchase,Shopping,-998.42,Want
10-11-2023,Food Purchase,Food,-2903.46,Need
27-11-2023,Social Purchase,Social,-4840.69,Want
19-06-2023,Social Purchase,Social,-708.53,Want
20-02-2023,Subscriptions Purchase,Subscriptions,-1265.61,Need
23-09-2023,Health Purchase,Health,-2339.74,Need
20-07-2023,Investments Purchase,Investments,-3907.24,Need
29-10-2023,Bills Purchase,Bills,-1855.84,Need
13-01-2023,Investments Purchase,Investments,-701.84,Need
01-08-2023,Travel Purchase,Travel,-757.13,Need
14-03-2023,Shopping Purchase,Shopping,-1697.07,Want
22-08-2023,Health Purchase,Health,-2701.35,Need
28-06-2023,Investments Purchase,Investments,-668.59,Need
23-12-2023,Investments Purchase,Investments,-1730.77,Need
03-06-2023,Food Purchase,Food,-4088.89,Need
28-02-2023,Food Purchase,Food,-4276.06,Need
28-11-2023,Travel Purchase,Travel,-3450.27,Need
26-03-2023,Health Purchase,Health,-2676.77,Need
10-10-2023,Bills Purchase,Bills,-1788.75,Need
07-08-2023,Investments Purchase,Investments,-1312.91,Need
27-07-2023,Bills Purchase,Bills,-1094.66,Need
03-12-2023,Social Purchase,Social,-2098.8,Want
11-11-2023,Health Purchase,Health,-2357.96,Need
08-08-2023,Social Purchase,Social,-221.36,Want
20-04-2023,Health Purchase,Health,-1536.06,Need
27-12-2023,Travel Purchase,Travel,-2971.27,Need
02-10-2023,Bills Purchase,Bills,-1955.81,Need
11-04-2023,Investments Purchase,Investments,-746.98,Need
10-12-2023,Monthly Salary,Income,44133.0,Fixed
08-09-2023,Shopping Purchase,Shopping,-3065.46,Want
09-11-2023,Social Purchase,Social,-3017.62,Want
28-06-2023,Shopping Purchase,Shopping,-4258.49,Want
13-11-2023,Bills Purchase,Bills,-4105.94,Need
28-12-2023,Subscriptions Purchase,Subscriptions,-4609.68,Need
30-10-2023,Travel Purchase,Travel,-3426.13,Need
10-06-2023,Travel Purchase,Travel,-1345.15,Need
01-03-2023,Bills Purchase,Bills,-1991.87,Need
14-03-2023,Social Purchase,Social,-2207.55,Want
12-03-2023,Social Purchase,Social,-2230.59,Want
07-09-2023,Bills Purchase,Bills,-2863.58,Need
08-09-2023,Subscriptions Purchase,Subscriptions,-873.42,Need
11-06-2023,Investments Purchase,Investments,-3173.17,Need
03-07-2023,Food Purchase,Food,-2526.12,Need
10-04-2023,Social Purchase,Social,-4826.38,Want
16-09-2023,Investments Purchase,Investments,-2163.84,Need
09-09-2023,Social Purchase,Social,-3608.68,Want
16-08-2023,Investments Purchase,Investments,-1002.82,Need
17-10-2023,Food Purchase,Food,-4020.23,Need
23-04-2023,Subscriptions Purchase,Subscriptions,-356.94,Need
26-04-2023,Subscriptions Purchase,Subscriptions,-1007.4,Need
23-08-2023,Investments Purchase,Investments,-2838.69,Need
27-02-2023,Travel Purchase,Travel,-1485.87,Need
06-10-2023,Shopping Purchase,Shopping,-2801.81,Want
22-01-2023,Investments Purchase,Investments,-2822.5,Need
06-08-2023,Travel Purchase,Travel,-3732.75,Need
01-12-2023,Health Purchase,Health,-1629.0,Need
17-01-2023,Investments Purchase,Investments,-1461.51,Need
14-02-2023,Investments Purchase,Investments,-4353.39,Need
02-03-2023,Monthly Salary,Income,42707.0,Fixed
02-05-2023,Health Purchase,Health,-4091.37,Need
29-10-2023,Shopping Purchase,Shopping,-4333.03,Want
09-11-2023,Social Purchase,Social,-996.71,Want
13-03-2023,Health Purchase,Health,-4104.94,Need
31-01-2023,Shopping Purchase,Shopping,-2754.95,Want
02-11-2023,Bills Purchase,Bills,-1753.54,Need
27-12-2023,Subscriptions Purchase,Subscriptions,-1588.8,Need
17-05-2023,Travel Purchase,Travel,-850.83,Need
30-07-2023,Food Purchase,Food,-4963.93,Need
02-12-2023,Bills Purchase,Bills,-3566.85,Need
09-03-2023,Health Purchase,Health,-901.97,Need
14-06-2023,Health Purchase,Health,-3855.07,Need
13-12-2023,Social Purchase,Social,-2549.4,Want
23-10-2023,Subscriptions Purchase,Subscriptions,-3213.5,Need
12-07-2023,Investments Purchase,Investments,-562.48,Need
17-02-2023,Social Purchase,Social,-2674.94,Want
23-05-2023,Shopping Purchase,Shopping,-2382.54,Want
07-09-2023,Shopping Purchase,Shopping,-2993.39,Want
17-02-2023,Investments Purchase,Investments,-3247.23,Need
24-12-2023,Shopping Purchase,Shopping,-4280.51,Want
01-10-2023,Social Purchase,Social,-1245.58,Want
08-08-2023,Health Purchase,Health,-2574.63,Need
15-06-2023,Subscriptions Purchase,Subscriptions,-1821.22,Need
23-10-2023,Bills Purchase,Bills,-2917.48,Need
06-09-2023,Shopping Purchase,Shopping,-4491.94,Want
25-01-2023,Food Purchase,Food,-677.96,Need
24-08-2023,Food Purchase,Food,-796.34,Need
22-03-2023,Investments Purchase,Investments,-2391.29,Need
08-08-2023,Health Purchase,Health,-4979.33,Need
09-03-2023,Monthly Salary,Income,44453.0,Fixed
29-11-2023,Subscriptions Purchase,Subscriptions,-963.09,Need
21-05-2023,Travel Purchase,Travel,-3342.02,Need
09-05-2023,Travel Purchase,Travel,-1984.85,Need
29-11-2023,Bills Purchase,Bills,-448.58,Need
17-11-2023,Subscriptions Purchase,Subscriptions,-3684.74,Need
30-04-2023,Social Purchase,Social,-3346.33,Want
27-12-2023,Travel Purchase,Travel,-205.21,Need
02-09-2023,Travel Purchase,Travel,-836.96,Need
26-04-2023,Investments Purchase,Investments,-244.58,Need
23-12-2023,Shopping Purchase,Shopping,-4122.12,Want
05-08-2023,Bills Purchase,Bills,-2492.96,Need
28-04-2023,Social Purchase,Social,-628.79,Want
22-02-2023,Travel Purchase,Travel,-1704.09,Need
03-06-2023,Bills Purchase,Bills,-2037.06,Need
10-03-2023,Bills Purchase,Bills,-528.38,Need
16-10-2023,Food Purchase,Food,-3129.53,Need
26-03-2023,Investments Purchase,Investments,-1885.7,Need
20-04-2023,Bills Purchase,Bills,-4615.49,Need
12-11-2023,Investments Purchase,Investments,-4327.82,Need
14-02-2023,Travel Purchase,Travel,-872.06,Need
05-03-2023,Social Purchase,Social,-1887.37,Want
08-08-2023,Shopping Purchase,Shopping,-3997.17,Want
07-05-2023,Subscriptions Purchase,Subscriptions,-3294.18,Need
08-05-2023,Subscriptions Purchase,Subscriptions,-3939.05,Need
20-12-2023,Food Purchase,Food,-4269.88,Need
04-12-2023,Subscriptions Purchase,Subscriptions,-1186.14,Need
07-11-2023,Health Purchase,Health,-3789.65,Need
01-06-2023,Food Purchase,Food,-3962.25,Need
03-05-2023,Investments Purchase,Investments,-2052.25,Need
04-05-2023,Monthly Salary,Income,38185.0,Fixed
23-11-2023,Travel Purchase,Travel,-2735.78,Need
07-01-2023,Shopping Purchase,Shopping,-4682.84,Want
09-03-2023,Social Purchase,Social,-4331.91,Want
19-10-2023,Social Purchase,Social,-1953.98,Want
16-12-2023,Bills Purchase,Bills,-3861.08,Need
07-02-2023,Food Purchase,Food,-3019.34,Need
08-01-2023,Subscriptions Purchase,Subscriptions,-1235.57,Need
31-01-2023,Social Purchase,Social,-2631.73,Want
18-11-2023,Social Purchase,Social,-2233.16,Want
