date,description,category,amount,type
2023-01-01,Monthly Salary,Income,40000.0,Fixed
2023-01-24,Travel Purchase,Travel,-1944.68,Need
2023-01-13,Bills Purchase,Bills,-19508.49,Need
2023-01-11,Food Purchase,Food,-793.59,Need
2023-01-04,Subscriptions Purchase,Subscriptions,-264.39,Need
2023-01-14,Food Purchase,Food,-1096.47,Need
2023-01-06,Shopping Purchase,Shopping,-2131.19,Want
2023-01-07,Social Purchase,Social,-3680.89,Want
2023-01-28,Travel Purchase,Travel,-1159.33,Need
2023-01-14,Investments Purchase,Investments,-14654.08,Need
2023-01-06,Food Purchase,Food,-811.8,Need
2023-01-24,Investments Purchase,Investments,-10053.87,Need
2023-01-01,Bills Purchase,Bills,-18378.15,Need
2023-01-27,Food Purchase,Food,-846.47,Need
2023-01-10,Shopping Purchase,Shopping,-4082.29,Want
2023-01-22,Travel Purchase,Travel,-1803.28,Need
2023-01-19,Health Purchase,Health,-506.78,Need
2023-01-15,Investments Purchase,Investments,-5959.67,Need
2023-01-18,Travel Purchase,Travel,-1171.41,Need
2023-01-17,Health Purchase,Health,-1758.48,Need
2023-01-17,Investments Purchase,Investments,-10459.59,Need
2023-01-09,Shopping Purchase,Shopping,-4029.96,Want
2023-01-22,Shopping Purchase,Shopping,-2886.37,Want
2023-01-22,Health Purchase,Health,-642.02,Need
2023-01-04,Social Purchase,Social,-2619.19,Want
2023-01-03,Bills Purchase,Bills,-16140.48,Need
2023-01-11,Food Purchase,Food,-854.72,Need
2023-01-20,Food Purchase,Food,-1185.29,Need
2023-01-03,Bills Purchase,Bills,-16128.26,Need
2023-01-10,Shopping Purchase,Shopping,-4972.92,Want
2023-01-20,Investments Purchase,Investments,-7662.33,Need
2023-01-31,Monthly Salary,Income,40000.0,Fixed
2023-02-12,Shopping Purchase,Shopping,-3529.61,Want
2023-02-13,Health Purchase,Health,-788.86,Need
2023-02-03,Subscriptions Purchase,Subscriptions,-722.76,Need
2023-02-24,Bills Purchase,Bills,-17280.69,Need
2023-02-26,Investments Purchase,Investments,-10737.3,Need
2023-02-17,Travel Purchase,Travel,-1797.54,Need
2023-02-20,Investments Purchase,Investments,-11975.54,Need
2023-02-02,Shopping Purchase,Shopping,-1164.99,Want
2023-02-06,Investments Purchase,Investments,-9072.56,Need
2023-02-21,Social Purchase,Social,-1499.33,Want
2023-02-17,Bills Purchase,Bills,-17002.5,Need
2023-02-23,Food Purchase,Food,-1106.82,Need
2023-02-24,Investments Purchase,Investments,-5074.07,Need
2023-02-20,Subscriptions Purchase,Subscriptions,-473.57,Need
2023-02-10,Shopping Purchase,Shopping,-3364.19,Want
2023-01-31,Shopping Purchase,Shopping,-3214.71,Want
2023-02-22,Investments Purchase,Investments,-8838.64,Need
2023-02-09,Food Purchase,Food,-592.53,Need
2023-02-14,Food Purchase,Food,-1130.31,Need
2023-02-08,Shopping Purchase,Shopping,-3998.58,Want
2023-02-22,Investments Purchase,Investments,-10455.12,Need
2023-02-04,Subscriptions Purchase,Subscriptions,-716.98,Need
2023-02-11,Travel Purchase,Travel,-383.91,Need
2023-02-27,Investments Purchase,Investments,-10967.97,Need
2023-02-03,Subscriptions Purchase,Subscriptions,-323.28,Need
2023-02-20,Health Purchase,Health,-1073.27,Need
2023-02-19,Travel Purchase,Travel,-1673.57,Need
2023-02-10,Shopping Purchase,Shopping,-1502.32,Want
2023-02-20,Subscriptions Purchase,Subscriptions,-939.73,Need
2023-02-01,Travel Purchase,Travel,-1142.65,Need
2023-03-02,Monthly Salary,Income,40000.0,Fixed
2023-03-25,Travel Purchase,Travel,-1739.23,Need
2023-03-14,Bills Purchase,Bills,-19000.66,Need
2023-03-03,Subscriptions Purchase,Subscriptions,-684.2,Need
2023-03-09,Social Purchase,Social,-3786.02,Want
2023-03-12,Shopping Purchase,Shopping,-2638.42,Want
2023-03-19,Shopping Purchase,Shopping,-2930.0,Want
2023-03-16,Bills Purchase,Bills,-17471.23,Need
2023-03-12,Investments Purchase,Investments,-7358.24,Need
2023-03-24,Bills Purchase,Bills,-15660.89,Need
2023-03-25,Travel Purchase,Travel,-1151.6,Need
2023-03-10,Travel Purchase,Travel,-1828.37,Need
2023-03-19,Subscriptions Purchase,Subscriptions,-223.19,Need
2023-03-20,Travel Purchase,Travel,-1102.38,Need
2023-03-16,Food Purchase,Food,-424.63,Need
2023-03-14,Subscriptions Purchase,Subscriptions,-834.84,Need
2023-03-27,Bills Purchase,Bills,-19434.81,Need
2023-03-20,Investments Purchase,Investments,-9196.49,Need
2023-03-12,Investments Purchase,Investments,-12964.83,Need
2023-03-29,Health Purchase,Health,-1252.47,Need
2023-03-28,Shopping Purchase,Shopping,-2821.15,Want
2023-03-24,Bills Purchase,Bills,-15343.19,Need
2023-03-27,Travel Purchase,Travel,-1476.43,Need
2023-03-02,Social Purchase,Social,-1823.87,Want
2023-03-16,Travel Purchase,Travel,-1758.55,Need
2023-03-09,Social Purchase,Social,-2263.75,Want
2023-03-22,Social Purchase,Social,-3091.81,Want
2023-03-26,Health Purchase,Health,-610.97,Need
2023-03-22,Investments Purchase,Investments,-11071.06,Need
2023-03-17,Shopping Purchase,Shopping,-2617.37,Want
2023-03-04,Social Purchase,Social,-3405.68,Want
2023-04-01,Monthly Salary,Income,40000.0,Fixed
2023-04-26,Subscriptions Purchase,Subscriptions,-759.25,Need
2023-04-28,Health Purchase,Health,-1901.0,Need
2023-04-01,Bills Purchase,Bills,-17781.18,Need
2023-04-19,Health Purchase,Health,-1943.59,Need
2023-04-18,Health Purchase,Health,-1994.16,Need
2023-04-16,Travel Purchase,Travel,-1238.22,Need
2023-04-23,Shopping Purchase,Shopping,-3693.68,Want
2023-04-26,Travel Purchase,Travel,-1032.43,Need
2023-04-10,Bills Purchase,Bills,-17286.74,Need
2023-04-22,Social Purchase,Social,-3779.57,Want
2023-04-12,Shopping Purchase,Shopping,-2419.31,Want
2023-04-27,Social Purchase,Social,-3813.01,Want
2023-04-20,Food Purchase,Food,-424.18,Need
2023-04-07,Shopping Purchase,Shopping,-3389.66,Want
2023-04-08,Travel Purchase,Travel,-1349.9,Need
2023-04-05,Investments Purchase,Investments,-11607.91,Need
2023-04-25,Food Purchase,Food,-557.74,Need
2023-04-25,Subscriptions Purchase,Subscriptions,-238.48,Need
2023-04-15,Subscriptions Purchase,Subscriptions,-627.73,Need
2023-04-05,Investments Purchase,Investments,-12163.91,Need
2023-04-25,Health Purchase,Health,-1492.87,Need
2023-04-28,Bills Purchase,Bills,-18878.33,Need
2023-04-02,Travel Purchase,Travel,-1086.45,Need
2023-04-27,Shopping Purchase,Shopping,-3743.24,Want
2023-04-07,Social Purchase,Social,-3751.74,Want
2023-04-18,Social Purchase,Social,-3748.45,Want
2023-04-18,Health Purchase,Health,-521.68,Need
2023-04-23,Shopping Purchase,Shopping,-3922.6,Want
2023-04-23,Subscriptions Purchase,Subscriptions,-569.62,Need
2023-04-07,Shopping Purchase,Shopping,-1898.75,Want
2023-05-01,Monthly Salary,Income,40000.0,Fixed
2023-05-17,Shopping Purchase,Shopping,-3352.76,Want
2023-05-18,Social Purchase,Social,-3498.47,Want
2023-05-24,Investments Purchase,Investments,-13274.39,Need
2023-05-19,Social Purchase,Social,-2050.42,Want
2023-05-28,Shopping Purchase,Shopping,-2581.33,Want
2023-05-07,Shopping Purchase,Shopping,-4497.12,Want
2023-05-03,Subscriptions Purchase,Subscriptions,-690.64,Need
2023-05-09,Food Purchase,Food,-478.17,Need
2023-05-25,Food Purchase,Food,-439.15,Need
2023-05-11,Shopping Purchase,Shopping,-2168.51,Want
2023-05-02,Health Purchase,Health,-869.85,Need
2023-05-14,Shopping Purchase,Shopping,-2442.61,Want
2023-05-19,Shopping Purchase,Shopping,-3326.91,Want
2023-05-10,Travel Purchase,Travel,-1675.74,Need
2023-05-01,Food Purchase,Food,-917.08,Need
2023-05-16,Social Purchase,Social,-849.48,Want
2023-05-07,Travel Purchase,Travel,-1623.64,Need
2023-05-17,Shopping Purchase,Shopping,-3689.98,Want
2023-05-14,Investments Purchase,Investments,-7600.71,Need
2023-05-12,Food Purchase,Food,-1153.75,Need
2023-05-07,Subscriptions Purchase,Subscriptions,-797.26,Need
2023-05-24,Social Purchase,Social,-2256.2,Want
2023-05-28,Food Purchase,Food,-679.77,Need
2023-05-08,Investments Purchase,Investments,-12241.97,Need
2023-05-15,Social Purchase,Social,-2645.97,Want
2023-05-07,Health Purchase,Health,-928.71,Need
2023-05-13,Social Purchase,Social,-2384.73,Want
2023-05-10,Health Purchase,Health,-1571.09,Need
2023-05-18,Subscriptions Purchase,Subscriptions,-444.36,Need
2023-05-04,Social Purchase,Social,-3200.87,Want
2023-05-31,Monthly Salary,Income,40000.0,Fixed
2023-06-06,Social Purchase,Social,-2885.88,Want
2023-06-17,Subscriptions Purchase,Subscriptions,-884.48,Need
2023-06-04,Social Purchase,Social,-1761.92,Want
2023-06-15,Food Purchase,Food,-1112.93,Need
2023-06-09,Investments Purchase,Investments,-11426.07,Need
2023-06-25,Shopping Purchase,Shopping,-1314.46,Want
2023-06-06,Social Purchase,Social,-2463.44,Want
2023-06-13,Shopping Purchase,Shopping,-3276.81,Want
2023-06-04,Subscriptions Purchase,Subscriptions,-345.58,Need
2023-06-24,Health Purchase,Health,-815.98,Need
2023-06-17,Social Purchase,Social,-3624.52,Want
2023-05-31,Social Purchase,Social,-3274.11,Want
2023-05-31,Shopping Purchase,Shopping,-3456.83,Want
2023-06-09,Bills Purchase,Bills,-18148.29,Need
2023-06-07,Social Purchase,Social,-3186.92,Want
2023-06-18,Health Purchase,Health,-1054.32,Need
2023-06-06,Health Purchase,Health,-1852.89,Need
2023-06-02,Social Purchase,Social,-2373.74,Want
2023-06-22,Travel Purchase,Travel,-1127.31,Need
2023-06-11,Investments Purchase,Investments,-7641.15,Need
2023-06-16,Investments Purchase,Investments,-8143.85,Need
2023-06-12,Health Purchase,Health,-1353.25,Need
2023-06-24,Subscriptions Purchase,Subscriptions,-976.55,Need
2023-06-19,Subscriptions Purchase,Subscriptions,-805.16,Need
2023-06-22,Food Purchase,Food,-661.72,Need
2023-06-06,Shopping Purchase,Shopping,-1940.62,Want
2023-06-17,Bills Purchase,Bills,-15856.23,Need
2023-06-06,Investments Purchase,Investments,-13263.71,Need
2023-06-26,Food Purchase,Food,-987.43,Need
2023-06-09,Travel Purchase,Travel,-586.47,Need
2023-06-30,Monthly Salary,Income,40000.0,Fixed
2023-07-06,Health Purchase,Health,-1967.68,Need
2023-07-01,Shopping Purchase,Shopping,-1079.2,Want
2023-07-22,Health Purchase,Health,-1957.41,Need
2023-07-27,Investments Purchase,Investments,-6813.79,Need
2023-07-22,Shopping Purchase,Shopping,-3333.86,Want
2023-07-04,Health Purchase,Health,-1127.32,Need
2023-07-09,Shopping Purchase,Shopping,-4720.19,Want
2023-07-02,Investments Purchase,Investments,-10718.89,Need
2023-07-10,Investments Purchase,Investments,-5312.93,Need
2023-07-27,Subscriptions Purchase,Subscriptions,-977.95,Need
2023-07-19,Travel Purchase,Travel,-1184.28,Need
2023-07-14,Food Purchase,Food,-632.64,Need
2023-07-25,Subscriptions Purchase,Subscriptions,-748.93,Need
2023-07-24,Shopping Purchase,Shopping,-1806.45,Want
2023-07-10,Investments Purchase,Investments,-14827.78,Need
2023-07-26,Subscriptions Purchase,Subscriptions,-808.71,Need
2023-07-09,Bills Purchase,Bills,-15607.66,Need
2023-07-07,Subscriptions Purchase,Subscriptions,-579.04,Need
2023-07-25,Social Purchase,Social,-1806.84,Want
2023-07-09,Shopping Purchase,Shopping,-3355.3,Want
2023-07-13,Subscriptions Purchase,Subscriptions,-830.43,Need
2023-07-02,Subscriptions Purchase,Subscriptions,-931.65,Need
2023-07-17,Social Purchase,Social,-3010.44,Want
2023-07-04,Social Purchase,Social,-3591.22,Want
2023-07-14,Subscriptions Purchase,Subscriptions,-599.94,Need
2023-07-06,Bills Purchase,Bills,-17396.07,Need
2023-07-16,Bills Purchase,Bills,-19071.12,Need
2023-07-17,Bills Purchase,Bills,-17368.58,Need
2023-07-12,Investments Purchase,Investments,-7546.78,Need
2023-07-26,Shopping Purchase,Shopping,-2899.0,Want
2023-07-30,Monthly Salary,Income,40000.0,Fixed
2023-08-22,Travel Purchase,Travel,-1630.03,Need
2023-08-16,Travel Purchase,Travel,-1121.22,Need
2023-08-21,Health Purchase,Health,-1234.67,Need
2023-08-22,Social Purchase,Social,-1177.56,Want
2023-08-23,Subscriptions Purchase,Subscriptions,-885.15,Need
2023-07-30,Health Purchase,Health,-1025.36,Need
2023-08-24,Subscriptions Purchase,Subscriptions,-546.12,Need
2023-08-01,Investments Purchase,Investments,-13814.98,Need
2023-08-20,Subscriptions Purchase,Subscriptions,-673.74,Need
2023-08-09,Food Purchase,Food,-473.39,Need
2023-08-17,Social Purchase,Social,-2438.21,Want
2023-08-03,Social Purchase,Social,-2650.46,Want
2023-08-17,Subscriptions Purchase,Subscriptions,-677.49,Need
2023-08-26,Subscriptions Purchase,Subscriptions,-770.17,Need
2023-08-12,Subscriptions Purchase,Subscriptions,-277.58,Need
2023-08-23,Food Purchase,Food,-980.94,Need
2023-08-04,Social Purchase,Social,-3133.69,Want
2023-08-01,Travel Purchase,Travel,-1373.81,Need
2023-08-12,Shopping Purchase,Shopping,-2178.32,Want
2023-08-24,Shopping Purchase,Shopping,-1018.36,Want
2023-08-17,Health Purchase,Health,-1049.61,Need
2023-08-01,Travel Purchase,Travel,-1927.84,Need
2023-08-23,Investments Purchase,Investments,-14174.58,Need
2023-08-08,Subscriptions Purchase,Subscriptions,-554.38,Need
2023-08-19,Subscriptions Purchase,Subscriptions,-267.51,Need
2023-08-07,Subscriptions Purchase,Subscriptions,-846.24,Need
2023-08-13,Health Purchase,Health,-978.57,Need
2023-08-06,Shopping Purchase,Shopping,-3853.48,Want
2023-08-25,Bills Purchase,Bills,-15181.09,Need
2023-08-20,Health Purchase,Health,-1916.41,Need
2023-08-29,Monthly Salary,Income,40000.0,Fixed
2023-09-06,Shopping Purchase,Shopping,-3630.89,Want
2023-08-31,Food Purchase,Food,-1096.34,Need
2023-09-15,Shopping Purchase,Shopping,-3214.25,Want
2023-09-11,Subscriptions Purchase,Subscriptions,-314.09,Need
2023-09-22,Food Purchase,Food,-638.29,Need
2023-09-02,Food Purchase,Food,-1112.94,Need
2023-09-05,Bills Purchase,Bills,-17447.23,Need
2023-09-03,Travel Purchase,Travel,-584.29,Need
2023-09-01,Bills Purchase,Bills,-17364.1,Need
2023-08-31,Food Purchase,Food,-1060.29,Need
2023-09-21,Health Purchase,Health,-839.36,Need
2023-09-13,Bills Purchase,Bills,-19447.17,Need
2023-09-09,Health Purchase,Health,-891.92,Need
2023-09-21,Social Purchase,Social,-3176.85,Want
2023-09-03,Health Purchase,Health,-712.84,Need
2023-09-21,Investments Purchase,Investments,-12680.56,Need
2023-09-21,Health Purchase,Health,-1365.88,Need
2023-09-05,Subscriptions Purchase,Subscriptions,-325.43,Need
2023-09-06,Investments Purchase,Investments,-10026.85,Need
2023-09-07,Subscriptions Purchase,Subscriptions,-875.5,Need
2023-09-16,Bills Purchase,Bills,-16026.66,Need
2023-08-30,Investments Purchase,Investments,-14697.92,Need
2023-08-30,Health Purchase,Health,-1129.28,Need
2023-09-05,Food Purchase,Food,-491.9,Need
2023-09-15,Travel Purchase,Travel,-790.6,Need
2023-09-06,Investments Purchase,Investments,-10279.31,Need
2023-09-02,Subscriptions Purchase,Subscriptions,-784.01,Need
2023-09-03,Subscriptions Purchase,Subscriptions,-534.2,Need
2023-09-14,Social Purchase,Social,-3046.19,Want
2023-09-06,Subscriptions Purchase,Subscriptions,-320.95,Need
2023-09-28,Monthly Salary,Income,40000.0,Fixed
2023-10-01,Subscriptions Purchase,Subscriptions,-295.11,Need
2023-10-24,Travel Purchase,Travel,-1291.28,Need
2023-09-28,Bills Purchase,Bills,-19243.91,Need
2023-10-21,Travel Purchase,Travel,-1929.42,Need
2023-10-14,Shopping Purchase,Shopping,-1491.8,Want
2023-10-18,Bills Purchase,Bills,-17925.9,Need
2023-10-23,Food Purchase,Food,-574.59,Need
2023-10-15,Shopping Purchase,Shopping,-1842.54,Want
2023-10-17,Health Purchase,Health,-549.71,Need
2023-10-06,Shopping Purchase,Shopping,-3456.54,Want
2023-10-05,Social Purchase,Social,-3105.43,Want
2023-10-23,Social Purchase,Social,-542.4,Want
2023-10-19,Shopping Purchase,Shopping,-4508.56,Want
2023-10-13,Investments Purchase,Investments,-9990.63,Need
2023-10-03,Social Purchase,Social,-2532.86,Want
2023-10-21,Health Purchase,Health,-1576.07,Need
2023-10-10,Shopping Purchase,Shopping,-4929.79,Want
2023-10-09,Bills Purchase,Bills,-16641.42,Need
2023-10-01,Health Purchase,Health,-1271.15,Need
2023-10-21,Investments Purchase,Investments,-12683.25,Need
2023-10-06,Health Purchase,Health,-1537.76,Need
2023-10-03,Shopping Purchase,Shopping,-1764.47,Want
2023-10-08,Investments Purchase,Investments,-11010.26,Need
2023-10-18,Subscriptions Purchase,Subscriptions,-206.79,Need
2023-10-03,Bills Purchase,Bills,-17570.62,Need
2023-10-22,Investments Purchase,Investments,-6513.03,Need
2023-09-29,Shopping Purchase,Shopping,-3895.67,Want
2023-10-09,Travel Purchase,Travel,-460.66,Need
2023-10-22,Investments Purchase,Investments,-6295.7,Need
2023-10-06,Shopping Purchase,Shopping,-4746.75,Want
2023-10-28,Monthly Salary,Income,40000.0,Fixed
2023-11-05,Investments Purchase,Investments,-13753.79,Need
2023-10-30,Food Purchase,Food,-746.71,Need
2023-11-03,Travel Purchase,Travel,-1279.62,Need
2023-11-20,Shopping Purchase,Shopping,-1362.32,Want
2023-10-31,Investments Purchase,Investments,-14653.93,Need
2023-10-30,Shopping Purchase,Shopping,-1161.79,Want
2023-11-10,Bills Purchase,Bills,-17550.18,Need
2023-11-07,Investments Purchase,Investments,-5753.87,Need
2023-11-03,Subscriptions Purchase,Subscriptions,-236.2,Need
2023-11-05,Investments Purchase,Investments,-7302.46,Need
2023-11-07,Food Purchase,Food,-552.74,Need
2023-11-21,Bills Purchase,Bills,-15529.52,Need
2023-11-06,Investments Purchase,Investments,-9752.83,Need
2023-11-19,Shopping Purchase,Shopping,-3756.62,Want
2023-11-22,Bills Purchase,Bills,-18068.74,Need
2023-11-08,Food Purchase,Food,-797.04,Need
2023-11-10,Bills Purchase,Bills,-18362.67,Need
2023-11-19,Travel Purchase,Travel,-1992.52,Need
2023-11-06,Food Purchase,Food,-521.15,Need
2023-11-21,Subscriptions Purchase,Subscriptions,-264.19,Need
2023-11-21,Shopping Purchase,Shopping,-3346.69,Want
2023-11-14,Food Purchase,Food,-1114.53,Need
2023-11-05,Travel Purchase,Travel,-1998.34,Need
2023-10-29,Bills Purchase,Bills,-18401.64,Need
2023-10-29,Social Purchase,Social,-2506.86,Want
2023-11-18,Investments Purchase,Investments,-14215.52,Need
2023-11-23,Subscriptions Purchase,Subscriptions,-215.54,Need
2023-11-01,Shopping Purchase,Shopping,-2891.5,Want
2023-11-24,Travel Purchase,Travel,-1822.51,Need
2023-11-16,Health Purchase,Health,-1347.43,Need
2023-11-27,Monthly Salary,Income,40000.0,Fixed
2023-12-24,Investments Purchase,Investments,-9125.14,Need
2023-12-18,Social Purchase,Social,-1710.12,Want
2023-12-17,Bills Purchase,Bills,-18697.45,Need
2023-12-14,Social Purchase,Social,-1415.9,Want
2023-12-13,Health Purchase,Health,-1141.93,Need
2023-12-21,Subscriptions Purchase,Subscriptions,-494.64,Need
2023-12-17,Shopping Purchase,Shopping,-2317.86,Want
2023-11-28,Subscriptions Purchase,Subscriptions,-803.27,Need
2023-12-24,Subscriptions Purchase,Subscriptions,-601.03,Need
2023-11-30,Travel Purchase,Travel,-627.04,Need
2023-12-23,Health Purchase,Health,-1959.14,Need
2023-12-11,Bills Purchase,Bills,-18042.95,Need
2023-11-28,Social Purchase,Social,-3469.8,Want
2023-12-09,Subscriptions Purchase,Subscriptions,-237.27,Need
2023-12-04,Food Purchase,Food,-808.0,Need
2023-12-04,Shopping Purchase,Shopping,-3420.96,Want
2023-12-01,Social Purchase,Social,-3176.96,Want
2023-12-21,Shopping Purchase,Shopping,-3653.35,Want
2023-12-02,Subscriptions Purchase,Subscriptions,-359.23,Need
2023-12-12,Shopping Purchase,Shopping,-2190.23,Want
2023-12-22,Social Purchase,Social,-6164.4,Want
2023-12-15,Shopping Purchase,Shopping,-4713.01,Want
2023-12-19,Food Purchase,Food,-1052.43,Need
2023-12-24,Health Purchase,Health,-1798.66,Need
2023-12-21,Travel Purchase,Travel,-1697.76,Need
2023-12-03,Bills Purchase,Bills,-16310.34,Need
2023-12-23,Social Purchase,Social,-4976.76,Want
2023-12-23,Investments Purchase,Investments,-7121.78,Need
2023-12-01,Travel Purchase,Travel,-1770.77,Need
2023-12-08,Travel Purchase,Travel,-472.41,Need
2023-12-27,Monthly Salary,Income,46000.0,Fixed
2024-01-05,Investments Purchase,Investments,-6110.01,Need
2024-01-09,Health Purchase,Health,-1888.76,Need
2024-01-15,Health Purchase,Health,-1770.81,Need
2024-01-23,Subscriptions Purchase,Subscriptions,-395.83,Need
2024-01-08,Health Purchase,Health,-1942.4,Need
2024-01-19,Bills Purchase,Bills,-16745.3,Need
2023-12-27,Food Purchase,Food,-924.85,Need
2024-01-18,Bills Purchase,Bills,-18364.04,Need
2024-01-14,Investments Purchase,Investments,-8261.98,Need
2024-01-14,Health Purchase,Health,-1520.76,Need
2023-12-31,Travel Purchase,Travel,-971.99,Need
2024-01-01,Bills Purchase,Bills,-18958.09,Need
2024-01-01,Food Purchase,Food,-523.46,Need
2024-01-07,Social Purchase,Social,-1856.59,Want
2024-01-06,Investments Purchase,Investments,-12516.57,Need
2023-12-29,Social Purchase,Social,-6700.4,Want
2024-01-07,Investments Purchase,Investments,-7731.75,Need
2024-01-01,Travel Purchase,Travel,-1354.02,Need
2023-12-31,Health Purchase,Health,-1763.09,Need
2024-01-09,Food Purchase,Food,-700.83,Need
2023-12-30,Social Purchase,Social,-6460.18,Want
2024-01-12,Bills Purchase,Bills,-15257.36,Need
2024-01-10,Subscriptions Purchase,Subscriptions,-316.2,Need
2024-01-05,Social Purchase,Social,-925.72,Want
2024-01-22,Health Purchase,Health,-1521.65,Need
2024-01-17,Health Purchase,Health,-1898.13,Need
2024-01-22,Shopping Purchase,Shopping,-2527.43,Want
2024-01-18,Travel Purchase,Travel,-1950.84,Need
2023-12-27,Travel Purchase,Travel,-1404.58,Need
2024-01-03,Food Purchase,Food,-1125.86,Need
2024-01-26,Monthly Salary,Income,46000.0,Fixed
2024-02-15,Investments Purchase,Investments,-5911.09,Need
2024-02-03,Shopping Purchase,Shopping,-3727.42,Want
2024-02-18,Investments Purchase,Investments,-9051.78,Need
2024-01-26,Subscriptions Purchase,Subscriptions,-418.36,Need
2024-02-22,Investments Purchase,Investments,-9850.31,Need
2024-02-13,Investments Purchase,Investments,-14548.42,Need
2024-02-07,Food Purchase,Food,-874.35,Need
2024-02-13,Food Purchase,Food,-655.5,Need
2024-02-21,Investments Purchase,Investments,-11755.48,Need
2024-01-29,Bills Purchase,Bills,-19061.92,Need
2024-02-21,Shopping Purchase,Shopping,-1854.81,Want
2024-02-18,Bills Purchase,Bills,-17976.47,Need
2024-01-29,Health Purchase,Health,-1249.64,Need
2024-02-02,Food Purchase,Food,-687.19,Need
2024-02-12,Subscriptions Purchase,Subscriptions,-582.3,Need
2024-02-07,Food Purchase,Food,-1163.72,Need
2024-01-26,Investments Purchase,Investments,-6392.34,Need
2024-02-22,Bills Purchase,Bills,-17519.23,Need
2024-01-26,Social Purchase,Social,-1333.65,Want
2024-01-29,Health Purchase,Health,-1374.3,Need
2024-02-17,Shopping Purchase,Shopping,-3387.82,Want
2024-02-21,Food Purchase,Food,-797.57,Need
2024-02-03,Bills Purchase,Bills,-17591.74,Need
2024-02-05,Investments Purchase,Investments,-14533.92,Need
2024-02-09,Bills Purchase,Bills,-17668.21,Need
2024-02-16,Subscriptions Purchase,Subscriptions,-551.23,Need
2024-01-28,Food Purchase,Food,-1027.56,Need
2024-02-13,Investments Purchase,Investments,-7077.54,Need
2024-02-02,Food Purchase,Food,-1073.66,Need
2024-02-11,Food Purchase,Food,-483.75,Need
2024-02-25,Monthly Salary,Income,46000.0,Fixed
2024-03-02,Investments Purchase,Investments,-6668.47,Need
2024-03-05,Food Purchase,Food,-480.96,Need
2024-03-13,Subscriptions Purchase,Subscriptions,-933.37,Need
2024-02-29,Subscriptions Purchase,Subscriptions,-468.61,Need
2024-03-17,Bills Purchase,Bills,-18850.32,Need
2024-03-07,Shopping Purchase,Shopping,-2951.4,Want
2024-03-21,Shopping Purchase,Shopping,-3031.51,Want
2024-02-29,Food Purchase,Food,-507.24,Need
2024-03-18,Food Purchase,Food,-819.39,Need
2024-03-20,Travel Purchase,Travel,-1366.43,Need
2024-02-25,Food Purchase,Food,-868.32,Need
2024-03-11,Subscriptions Purchase,Subscriptions,-239.94,Need
2024-03-02,Food Purchase,Food,-684.92,Need
2024-03-15,Bills Purchase,Bills,-15645.97,Need
2024-03-12,Social Purchase,Social,-3174.28,Want
2024-03-20,Investments Purchase,Investments,-13691.45,Need
2024-03-08,Health Purchase,Health,-865.28,Need
2024-03-18,Health Purchase,Health,-806.43,Need
2024-03-13,Shopping Purchase,Shopping,-3407.85,Want
2024-03-18,Bills Purchase,Bills,-16975.25,Need
2024-03-03,Subscriptions Purchase,Subscriptions,-780.11,Need
2024-03-03,Subscriptions Purchase,Subscriptions,-692.95,Need
2024-02-29,Food Purchase,Food,-1083.27,Need
2024-03-12,Food Purchase,Food,-671.9,Need
2024-02-27,Shopping Purchase,Shopping,-2827.33,Want
2024-03-10,Subscriptions Purchase,Subscriptions,-498.82,Need
2024-03-13,Food Purchase,Food,-545.14,Need
2024-03-22,Investments Purchase,Investments,-14064.18,Need
2024-02-29,Health Purchase,Health,-1921.61,Need
2024-02-29,Health Purchase,Health,-1989.9,Need
2024-03-26,Monthly Salary,Income,46000.0,Fixed
2024-04-11,Health Purchase,Health,-795.67,Need
2024-04-10,Travel Purchase,Travel,-1345.82,Need
2024-03-29,Health Purchase,Health,-1972.58,Need
2024-04-22,Bills Purchase,Bills,-15410.61,Need
2024-04-10,Subscriptions Purchase,Subscriptions,-527.14,Need
2024-04-15,Food Purchase,Food,-801.59,Need
2024-04-22,Social Purchase,Social,-2930.82,Want
2024-04-06,Shopping Purchase,Shopping,-4604.71,Want
2024-04-20,Health Purchase,Health,-539.22,Need
2024-04-16,Subscriptions Purchase,Subscriptions,-600.73,Need
2024-04-13,Subscriptions Purchase,Subscriptions,-223.54,Need
2024-04-12,Social Purchase,Social,-1923.67,Want
2024-04-04,Food Purchase,Food,-661.62,Need
2024-04-04,Investments Purchase,Investments,-10105.68,Need
2024-04-01,Food Purchase,Food,-1164.4,Need
2024-04-15,Subscriptions Purchase,Subscriptions,-895.29,Need
2024-04-04,Shopping Purchase,Shopping,-2027.59,Want
2024-03-29,Food Purchase,Food,-570.18,Need
2024-04-07,Travel Purchase,Travel,-906.22,Need
2024-04-21,Shopping Purchase,Shopping,-4425.69,Want
2024-04-07,Bills Purchase,Bills,-19269.05,Need
2024-04-05,Food Purchase,Food,-444.23,Need
2024-04-11,Food Purchase,Food,-825.72,Need
2024-04-13,Subscriptions Purchase,Subscriptions,-427.56,Need
2024-03-29,Subscriptions Purchase,Subscriptions,-328.72,Need
2024-03-30,Bills Purchase,Bills,-15892.62,Need
2024-04-11,Health Purchase,Health,-1896.9,Need
2024-04-19,Food Purchase,Food,-961.18,Need
2024-04-01,Bills Purchase,Bills,-15986.73,Need
2024-04-15,Bills Purchase,Bills,-16179.17,Need
2024-04-25,Monthly Salary,Income,46000.0,Fixed
2024-05-01,Bills Purchase,Bills,-19216.91,Need
2024-05-13,Travel Purchase,Travel,-569.58,Need
2024-05-15,Investments Purchase,Investments,-5195.55,Need
2024-05-14,Subscriptions Purchase,Subscriptions,-873.2,Need
2024-05-08,Health Purchase,Health,-725.45,Need
2024-04-27,Health Purchase,Health,-687.49,Need
2024-05-13,Investments Purchase,Investments,-12565.95,Need
2024-05-21,Social Purchase,Social,-635.38,Want
2024-05-13,Subscriptions Purchase,Subscriptions,-395.65,Need
2024-05-12,Investments Purchase,Investments,-13777.08,Need
2024-05-13,Food Purchase,Food,-1099.01,Need
2024-05-07,Investments Purchase,Investments,-11528.6,Need
2024-04-28,Food Purchase,Food,-963.03,Need
2024-05-04,Subscriptions Purchase,Subscriptions,-611.11,Need
2024-05-03,Food Purchase,Food,-448.57,Need
2024-05-08,Shopping Purchase,Shopping,-2006.51,Want
2024-05-15,Subscriptions Purchase,Subscriptions,-603.01,Need
2024-04-26,Shopping Purchase,Shopping,-1478.52,Want
2024-05-08,Food Purchase,Food,-951.6,Need
2024-05-07,Health Purchase,Health,-1088.92,Need
2024-04-30,Investments Purchase,Investments,-8774.1,Need
2024-05-15,Travel Purchase,Travel,-598.83,Need
2024-05-13,Health Purchase,Health,-1672.31,Need
2024-05-22,Food Purchase,Food,-596.53,Need
2024-05-05,Investments Purchase,Investments,-5753.56,Need
2024-05-14,Travel Purchase,Travel,-431.59,Need
2024-05-01,Shopping Purchase,Shopping,-4261.94,Want
2024-05-04,Travel Purchase,Travel,-1684.86,Need
2024-04-29,Health Purchase,Health,-1726.19,Need
2024-04-28,Travel Purchase,Travel,-503.05,Need
2024-05-25,Monthly Salary,Income,46000.0,Fixed
2024-05-25,Social Purchase,Social,-1556.91,Want
2024-06-16,Subscriptions Purchase,Subscriptions,-833.94,Need
2024-06-05,Bills Purchase,Bills,-18975.64,Need
2024-05-28,Health Purchase,Health,-1101.17,Need
2024-06-19,Food Purchase,Food,-1160.77,Need
2024-06-04,Social Purchase,Social,-2125.57,Want
2024-06-18,Shopping Purchase,Shopping,-2445.64,Want
2024-05-25,Bills Purchase,Bills,-19428.64,Need
2024-06-14,Investments Purchase,Investments,-11053.03,Need
2024-06-14,Food Purchase,Food,-714.65,Need
2024-06-09,Subscriptions Purchase,Subscriptions,-782.02,Need
2024-06-02,Bills Purchase,Bills,-18106.93,Need
2024-06-13,Bills Purchase,Bills,-18441.46,Need
2024-06-10,Social Purchase,Social,-3836.33,Want
2024-06-14,Travel Purchase,Travel,-1194.01,Need
2024-06-03,Shopping Purchase,Shopping,-3739.93,Want
2024-06-07,Food Purchase,Food,-850.74,Need
2024-06-18,Bills Purchase,Bills,-17039.34,Need
2024-06-19,Shopping Purchase,Shopping,-4054.49,Want
2024-06-20,Food Purchase,Food,-622.0,Need
2024-06-06,Health Purchase,Health,-758.03,Need
2024-06-21,Bills Purchase,Bills,-17887.95,Need
2024-06-01,Food Purchase,Food,-774.63,Need
2024-06-18,Health Purchase,Health,-1554.27,Need
2024-05-28,Travel Purchase,Travel,-1903.44,Need
2024-06-18,Travel Purchase,Travel,-1703.13,Need
2024-06-01,Food Purchase,Food,-836.47,Need
2024-06-18,Bills Purchase,Bills,-15367.11,Need
2024-06-03,Bills Purchase,Bills,-15179.4,Need
2024-06-01,Travel Purchase,Travel,-558.89,Need
2024-06-24,Monthly Salary,Income,46000.0,Fixed
2024-06-28,Travel Purchase,Travel,-899.94,Need
2024-06-27,Social Purchase,Social,-2918.68,Want
2024-06-24,Travel Purchase,Travel,-1782.37,Need
2024-06-29,Subscriptions Purchase,Subscriptions,-565.36,Need
2024-07-16,Investments Purchase,Investments,-9223.83,Need
2024-07-21,Shopping Purchase,Shopping,-1833.3,Want
2024-07-16,Subscriptions Purchase,Subscriptions,-661.18,Need
2024-07-20,Shopping Purchase,Shopping,-4476.47,Want
2024-07-20,Shopping Purchase,Shopping,-2711.01,Want
2024-07-13,Subscriptions Purchase,Subscriptions,-469.96,Need
2024-07-15,Social Purchase,Social,-3153.46,Want
2024-07-17,Health Purchase,Health,-556.23,Need
2024-07-09,Shopping Purchase,Shopping,-3879.98,Want
2024-07-13,Health Purchase,Health,-1510.68,Need
2024-07-01,Subscriptions Purchase,Subscriptions,-528.25,Need
2024-07-03,Subscriptions Purchase,Subscriptions,-719.58,Need
2024-06-24,Shopping Purchase,Shopping,-2415.15,Want
2024-06-30,Subscriptions Purchase,Subscriptions,-431.35,Need
2024-06-27,Bills Purchase,Bills,-17543.57,Need
2024-06-30,Subscriptions Purchase,Subscriptions,-593.76,Need
2024-07-12,Travel Purchase,Travel,-1573.21,Need
2024-07-21,Travel Purchase,Travel,-1065.29,Need
2024-06-29,Subscriptions Purchase,Subscriptions,-310.35,Need
2024-07-09,Social Purchase,Social,-1808.48,Want
2024-07-17,Bills Purchase,Bills,-15037.63,Need
2024-07-12,Investments Purchase,Investments,-14019.12,Need
2024-06-25,Food Purchase,Food,-934.24,Need
2024-06-30,Travel Purchase,Travel,-646.61,Need
2024-07-17,Subscriptions Purchase,Subscriptions,-772.87,Need
2024-07-13,Health Purchase,Health,-693.75,Need
2024-07-24,Monthly Salary,Income,46000.0,Fixed
2024-08-03,Social Purchase,Social,-2871.37,Want
2024-08-08,Investments Purchase,Investments,-7492.45,Need
2024-07-30,Bills Purchase,Bills,-19384.81,Need
2024-08-15,Subscriptions Purchase,Subscriptions,-743.9,Need
2024-08-13,Food Purchase,Food,-749.35,Need
2024-08-09,Shopping Purchase,Shopping,-4521.88,Want
2024-08-07,Health Purchase,Health,-1294.06,Need
2024-07-30,Health Purchase,Health,-1682.18,Need
2024-08-18,Travel Purchase,Travel,-1340.82,Need
2024-08-08,Social Purchase,Social,-2964.96,Want
2024-08-09,Investments Purchase,Investments,-10433.07,Need
2024-08-01,Food Purchase,Food,-883.62,Need
2024-08-14,Shopping Purchase,Shopping,-2702.64,Want
2024-08-14,Travel Purchase,Travel,-1019.28,Need
2024-08-06,Social Purchase,Social,-1845.08,Want
2024-08-02,Health Purchase,Health,-1063.15,Need
2024-08-10,Subscriptions Purchase,Subscriptions,-495.98,Need
2024-08-19,Investments Purchase,Investments,-7481.84,Need
2024-07-31,Travel Purchase,Travel,-1907.5,Need
2024-08-16,Health Purchase,Health,-1650.46,Need
2024-08-10,Bills Purchase,Bills,-15557.11,Need
2024-08-02,Investments Purchase,Investments,-7518.88,Need
2024-07-26,Health Purchase,Health,-1138.01,Need
2024-08-18,Investments Purchase,Investments,-13324.82,Need
2024-07-29,Health Purchase,Health,-500.23,Need
2024-07-29,Shopping Purchase,Shopping,-1062.77,Want
2024-07-28,Subscriptions Purchase,Subscriptions,-571.62,Need
2024-07-26,Bills Purchase,Bills,-18180.4,Need
2024-08-05,Bills Purchase,Bills,-19941.08,Need
2024-08-18,Health Purchase,Health,-1394.49,Need
2024-08-23,Monthly Salary,Income,46000.0,Fixed
2024-09-18,Bills Purchase,Bills,-19634.82,Need
2024-08-30,Investments Purchase,Investments,-12075.31,Need
2024-09-16,Food Purchase,Food,-880.16,Need
2024-08-30,Investments Purchase,Investments,-10921.25,Need
2024-09-14,Food Purchase,Food,-624.18,Need
2024-08-26,Shopping Purchase,Shopping,-2120.81,Want
2024-09-04,Social Purchase,Social,-2030.89,Want
2024-09-04,Travel Purchase,Travel,-488.45,Need
2024-09-03,Investments Purchase,Investments,-14441.14,Need
2024-09-10,Food Purchase,Food,-490.26,Need
2024-09-02,Bills Purchase,Bills,-18447.84,Need
2024-09-18,Travel Purchase,Travel,-1352.97,Need
2024-09-16,Social Purchase,Social,-3245.9,Want
2024-09-09,Food Purchase,Food,-666.29,Need
2024-09-16,Health Purchase,Health,-1202.64,Need
2024-08-27,Investments Purchase,Investments,-12422.48,Need
2024-09-13,Shopping Purchase,Shopping,-2055.87,Want
2024-08-30,Health Purchase,Health,-708.27,Need
2024-09-13,Subscriptions Purchase,Subscriptions,-436.22,Need
2024-09-15,Bills Purchase,Bills,-15210.77,Need
2024-08-31,Food Purchase,Food,-850.97,Need
2024-09-09,Travel Purchase,Travel,-1805.85,Need
2024-08-25,Social Purchase,Social,-2380.46,Want
2024-09-17,Social Purchase,Social,-2585.36,Want
2024-08-25,Travel Purchase,Travel,-1581.98,Need
2024-08-26,Bills Purchase,Bills,-17219.02,Need
2024-09-17,Bills Purchase,Bills,-16241.06,Need
2024-09-12,Subscriptions Purchase,Subscriptions,-518.52,Need
2024-08-26,Bills Purchase,Bills,-15606.46,Need
2024-08-25,Subscriptions Purchase,Subscriptions,-798.36,Need
2024-09-22,Monthly Salary,Income,46000.0,Fixed
2024-10-15,Investments Purchase,Investments,-13891.92,Need
2024-09-30,Food Purchase,Food,-984.18,Need
2024-10-04,Shopping Purchase,Shopping,-2406.68,Want
2024-09-23,Subscriptions Purchase,Subscriptions,-533.57,Need
2024-10-10,Subscriptions Purchase,Subscriptions,-969.57,Need
2024-10-04,Food Purchase,Food,-603.51,Need
2024-10-03,Shopping Purchase,Shopping,-1826.71,Want
2024-09-28,Social Purchase,Social,-542.68,Want
2024-10-06,Subscriptions Purchase,Subscriptions,-339.16,Need
2024-10-10,Food Purchase,Food,-634.83,Need
2024-10-08,Health Purchase,Health,-1527.85,Need
2024-10-15,Health Purchase,Health,-1791.91,Need
2024-10-08,Subscriptions Purchase,Subscriptions,-502.5,Need
2024-09-25,Shopping Purchase,Shopping,-4457.18,Want
2024-10-12,Travel Purchase,Travel,-1952.64,Need
2024-10-10,Subscriptions Purchase,Subscriptions,-579.02,Need
2024-10-06,Bills Purchase,Bills,-17662.81,Need
2024-10-12,Food Purchase,Food,-906.16,Need
2024-09-28,Investments Purchase,Investments,-13897.68,Need
2024-10-16,Health Purchase,Health,-1440.65,Need
2024-10-18,Food Purchase,Food,-480.71,Need
2024-10-11,Health Purchase,Health,-1143.84,Need
2024-09-26,Shopping Purchase,Shopping,-1020.38,Want
2024-09-27,Food Purchase,Food,-648.09,Need
2024-10-04,Social Purchase,Social,-3767.27,Want
2024-10-16,Bills Purchase,Bills,-17713.6,Need
2024-09-26,Travel Purchase,Travel,-1069.76,Need
2024-09-30,Investments Purchase,Investments,-8163.32,Need
2024-09-22,Investments Purchase,Investments,-11139.92,Need
2024-09-30,Health Purchase,Health,-1428.94,Need
2024-10-22,Monthly Salary,Income,46000.0,Fixed
2024-10-30,Food Purchase,Food,-1080.89,Need
2024-10-23,Subscriptions Purchase,Subscriptions,-754.43,Need
2024-10-29,Food Purchase,Food,-438.75,Need
2024-11-04,Investments Purchase,Investments,-12823.78,Need
2024-11-05,Investments Purchase,Investments,-12614.27,Need
2024-11-07,Social Purchase,Social,-2564.44,Want
2024-10-24,Food Purchase,Food,-797.79,Need
2024-11-11,Subscriptions Purchase,Subscriptions,-795.26,Need
2024-10-24,Social Purchase,Social,-3753.39,Want
2024-10-31,Travel Purchase,Travel,-604.73,Need
2024-11-03,Travel Purchase,Travel,-1852.01,Need
2024-10-30,Shopping Purchase,Shopping,-4597.01,Want
2024-10-24,Shopping Purchase,Shopping,-2362.46,Want
2024-11-10,Shopping Purchase,Shopping,-4269.46,Want
2024-11-01,Investments Purchase,Investments,-13124.94,Need
2024-11-05,Social Purchase,Social,-2636.35,Want
2024-11-15,Investments Purchase,Investments,-6575.32,Need
2024-10-29,Bills Purchase,Bills,-17404.94,Need
2024-10-23,Bills Purchase,Bills,-18007.52,Need
2024-11-01,Food Purchase,Food,-1168.82,Need
2024-11-01,Health Purchase,Health,-885.75,Need
2024-10-23,Bills Purchase,Bills,-19992.64,Need
2024-10-30,Shopping Purchase,Shopping,-4746.11,Want
2024-11-08,Social Purchase,Social,-3853.39,Want
2024-10-26,Bills Purchase,Bills,-16804.47,Need
2024-10-28,Food Purchase,Food,-845.42,Need
2024-11-05,Health Purchase,Health,-1471.88,Need
2024-11-18,Subscriptions Purchase,Subscriptions,-468.94,Need
2024-11-11,Health Purchase,Health,-1928.3,Need
2024-11-08,Shopping Purchase,Shopping,-2141.21,Want
2024-11-21,Monthly Salary,Income,46000.0,Fixed
2024-12-06,Investments Purchase,Investments,-11296.32,Need
2024-11-23,Travel Purchase,Travel,-941.8,Need
2024-11-30,Social Purchase,Social,-1515.28,Want
2024-12-18,Bills Purchase,Bills,-16515.1,Need
2024-12-04,Subscriptions Purchase,Subscriptions,-948.79,Need
2024-11-30,Bills Purchase,Bills,-17106.07,Need
2024-11-24,Bills Purchase,Bills,-15345.52,Need
2024-11-22,Investments Purchase,Investments,-13277.29,Need
2024-12-01,Investments Purchase,Investments,-7075.23,Need
2024-12-07,Subscriptions Purchase,Subscriptions,-627.24,Need
2024-12-15,Shopping Purchase,Shopping,-5705.42,Want
2024-12-10,Health Purchase,Health,-1296.96,Need
2024-11-22,Subscriptions Purchase,Subscriptions,-653.78,Need
2024-12-17,Health Purchase,Health,-891.88,Need
2024-11-28,Health Purchase,Health,-1008.11,Need
2024-12-11,Travel Purchase,Travel,-1989.54,Need
2024-12-16,Investments Purchase,Investments,-11358.27,Need
2024-12-15,Investments Purchase,Investments,-5697.97,Need
2024-12-04,Health Purchase,Health,-806.74,Need
2024-12-09,Investments Purchase,Investments,-6143.61,Need
2024-11-29,Travel Purchase,Travel,-727.0,Need
2024-12-01,Investments Purchase,Investments,-8489.1,Need
2024-11-27,Health Purchase,Health,-1132.87,Need
2024-12-14,Bills Purchase,Bills,-18692.13,Need
2024-12-07,Health Purchase,Health,-1578.17,Need
2024-11-26,Food Purchase,Food,-488.56,Need
2024-12-04,Health Purchase,Health,-1733.1,Need
2024-12-06,Shopping Purchase,Shopping,-3498.22,Want
2024-11-29,Health Purchase,Health,-1912.3,Need
2024-12-14,Bills Purchase,Bills,-15448.34,Need
2024-12-21,Monthly Salary,Income,52899.99999999999,Fixed
2025-01-13,Food Purchase,Food,-1183.51,Need
2024-12-22,Health Purchase,Health,-1180.37,Need
2025-01-15,Bills Purchase,Bills,-17096.82,Need
2025-01-15,Travel Purchase,Travel,-1372.39,Need
2025-01-09,Travel Purchase,Travel,-651.15,Need
2025-01-04,Bills Purchase,Bills,-18823.26,Need
2025-01-17,Shopping Purchase,Shopping,-3332.53,Want
2024-12-30,Travel Purchase,Travel,-490.81,Need
2025-01-09,Subscriptions Purchase,Subscriptions,-353.9,Need
2025-01-06,Subscriptions Purchase,Subscriptions,-440.57,Need
2025-01-05,Shopping Purchase,Shopping,-2732.03,Want
2025-01-11,Bills Purchase,Bills,-15697.57,Need
2024-12-23,Travel Purchase,Travel,-1652.39,Need
2025-01-13,Food Purchase,Food,-1127.43,Need
2025-01-14,Social Purchase,Social,-2295.37,Want
2025-01-01,Travel Purchase,Travel,-1810.92,Need
2025-01-05,Investments Purchase,Investments,-7611.82,Need
2024-12-31,Health Purchase,Health,-1879.81,Need
2024-12-28,Bills Purchase,Bills,-19807.88,Need
2024-12-27,Bills Purchase,Bills,-18351.33,Need
2025-01-04,Health Purchase,Health,-1102.98,Need
2024-12-30,Investments Purchase,Investments,-9890.64,Need
2025-01-11,Health Purchase,Health,-1935.98,Need
2025-01-09,Social Purchase,Social,-3403.62,Want
2025-01-09,Investments Purchase,Investments,-11470.63,Need
2025-01-07,Subscriptions Purchase,Subscriptions,-726.6,Need
2025-01-01,Food Purchase,Food,-413.95,Need
2025-01-16,Shopping Purchase,Shopping,-4732.47,Want
2024-12-21,Shopping Purchase,Shopping,-8693.6,Want
2024-12-28,Travel Purchase,Travel,-1385.19,Need
2025-01-20,Monthly Salary,Income,52899.99999999999,Fixed
2025-01-22,Bills Purchase,Bills,-16885.82,Need
2025-01-21,Bills Purchase,Bills,-19234.09,Need
2025-01-21,Shopping Purchase,Shopping,-2168.17,Want
2025-01-20,Social Purchase,Social,-1532.51,Want
2025-01-23,Travel Purchase,Travel,-1324.6,Need
2025-01-21,Subscriptions Purchase,Subscriptions,-925.94,Need
2025-02-16,Travel Purchase,Travel,-415.74,Need
2025-02-13,Bills Purchase,Bills,-19674.31,Need
2025-01-26,Subscriptions Purchase,Subscriptions,-707.6,Need
2025-01-22,Investments Purchase,Investments,-5298.28,Need
2025-02-01,Shopping Purchase,Shopping,-2216.65,Want
2025-02-07,Investments Purchase,Investments,-9839.09,Need
2025-01-27,Bills Purchase,Bills,-19272.0,Need
2025-02-11,Social Purchase,Social,-2324.58,Want
2025-01-29,Social Purchase,Social,-2905.16,Want
2025-02-03,Travel Purchase,Travel,-645.31,Need
2025-01-31,Travel Purchase,Travel,-1795.28,Need
2025-02-10,Bills Purchase,Bills,-19197.95,Need
2025-01-22,Bills Purchase,Bills,-18708.01,Need
2025-01-28,Subscriptions Purchase,Subscriptions,-446.11,Need
2025-01-24,Shopping Purchase,Shopping,-3835.68,Want
2025-02-06,Health Purchase,Health,-1362.69,Need
2025-01-22,Shopping Purchase,Shopping,-2578.92,Want
2025-01-22,Health Purchase,Health,-997.23,Need
2025-02-10,Bills Purchase,Bills,-15754.22,Need
2025-02-15,Investments Purchase,Investments,-8632.2,Need
2025-01-30,Health Purchase,Health,-1956.94,Need
2025-01-21,Investments Purchase,Investments,-14790.51,Need
2025-02-10,Bills Purchase,Bills,-17470.55,Need
2025-01-24,Health Purchase,Health,-1106.36,Need
2025-02-19,Monthly Salary,Income,52899.99999999999,Fixed
2025-03-11,Shopping Purchase,Shopping,-3910.58,Want
2025-02-27,Shopping Purchase,Shopping,-4141.95,Want
2025-03-05,Travel Purchase,Travel,-1026.7,Need
2025-03-12,Social Purchase,Social,-1468.0,Want
2025-02-25,Food Purchase,Food,-862.58,Need
2025-02-25,Social Purchase,Social,-1688.22,Want
2025-02-27,Travel Purchase,Travel,-1971.02,Need
2025-03-17,Health Purchase,Health,-1705.34,Need
2025-03-01,Subscriptions Purchase,Subscriptions,-408.85,Need
2025-02-19,Food Purchase,Food,-679.07,Need
2025-02-25,Travel Purchase,Travel,-1735.56,Need
2025-03-13,Travel Purchase,Travel,-1548.2,Need
2025-02-20,Shopping Purchase,Shopping,-2436.5,Want
2025-02-23,Health Purchase,Health,-665.68,Need
2025-02-27,Travel Purchase,Travel,-391.69,Need
2025-03-11,Food Purchase,Food,-631.9,Need
2025-03-10,Health Purchase,Health,-1911.03,Need
2025-02-21,Health Purchase,Health,-513.09,Need
2025-02-23,Travel Purchase,Travel,-1892.46,Need
2025-03-06,Shopping Purchase,Shopping,-3862.33,Want
2025-02-21,Subscriptions Purchase,Subscriptions,-222.26,Need
2025-02-22,Food Purchase,Food,-1185.02,Need
2025-03-01,Bills Purchase,Bills,-17435.08,Need
2025-02-28,Subscriptions Purchase,Subscriptions,-256.59,Need
2025-03-04,Travel Purchase,Travel,-1244.27,Need
2025-02-20,Subscriptions Purchase,Subscriptions,-466.64,Need
2025-03-08,Bills Purchase,Bills,-19233.89,Need
2025-02-19,Social Purchase,Social,-2736.98,Want
2025-03-04,Shopping Purchase,Shopping,-4867.89,Want
2025-02-19,Travel Purchase,Travel,-498.21,Need
2025-03-21,Monthly Salary,Income,52899.99999999999,Fixed
2025-03-25,Social Purchase,Social,-3942.84,Want
2025-04-03,Investments Purchase,Investments,-9710.48,Need
2025-03-21,Bills Purchase,Bills,-19887.03,Need
2025-03-24,Subscriptions Purchase,Subscriptions,-367.09,Need
2025-04-17,Food Purchase,Food,-410.65,Need
2025-03-21,Shopping Purchase,Shopping,-1655.14,Want
2025-04-04,Travel Purchase,Travel,-770.23,Need
2025-03-27,Investments Purchase,Investments,-11660.59,Need
2025-04-10,Health Purchase,Health,-1107.93,Need
2025-04-13,Investments Purchase,Investments,-6791.38,Need
2025-04-02,Travel Purchase,Travel,-1155.6,Need
2025-04-11,Bills Purchase,Bills,-18297.29,Need
2025-03-24,Food Purchase,Food,-802.43,Need
2025-04-07,Food Purchase,Food,-455.16,Need
2025-04-16,Investments Purchase,Investments,-5909.91,Need
2025-04-11,Food Purchase,Food,-1165.42,Need
2025-04-04,Food Purchase,Food,-1037.1,Need
2025-04-01,Travel Purchase,Travel,-436.59,Need
2025-04-14,Investments Purchase,Investments,-9285.54,Need
2025-04-16,Shopping Purchase,Shopping,-2384.65,Want
2025-04-05,Health Purchase,Health,-1130.15,Need
2025-03-24,Investments Purchase,Investments,-9014.65,Need
2025-04-06,Bills Purchase,Bills,-18523.16,Need
2025-04-16,Travel Purchase,Travel,-1059.32,Need
2025-04-11,Investments Purchase,Investments,-5396.34,Need
2025-04-01,Investments Purchase,Investments,-9339.73,Need
2025-04-11,Health Purchase,Health,-1270.35,Need
2025-04-14,Travel Purchase,Travel,-1415.99,Need
2025-04-02,Social Purchase,Social,-1541.05,Want
2025-04-02,Shopping Purchase,Shopping,-2565.88,Want
2025-04-20,Monthly Salary,Income,52899.99999999999,Fixed
2025-05-14,Health Purchase,Health,-650.19,Need
2025-04-24,Travel Purchase,Travel,-499.52,Need
2025-05-07,Health Purchase,Health,-1917.52,Need
2025-04-27,Shopping Purchase,Shopping,-4200.84,Want
2025-05-02,Health Purchase,Health,-1381.13,Need
2025-05-13,Social Purchase,Social,-2803.13,Want
2025-04-28,Subscriptions Purchase,Subscriptions,-573.2,Need
2025-05-01,Food Purchase,Food,-1017.48,Need
2025-05-14,Subscriptions Purchase,Subscriptions,-298.9,Need
2025-05-10,Social Purchase,Social,-2562.39,Want
2025-04-21,Health Purchase,Health,-1745.23,Need
2025-05-13,Subscriptions Purchase,Subscriptions,-455.22,Need
2025-05-04,Food Purchase,Food,-545.23,Need
2025-04-25,Travel Purchase,Travel,-1818.38,Need
2025-04-25,Travel Purchase,Travel,-410.55,Need
2025-05-05,Bills Purchase,Bills,-18635.19,Need
2025-04-21,Social Purchase,Social,-1996.3,Want
2025-05-14,Bills Purchase,Bills,-15012.03,Need
2025-05-02,Travel Purchase,Travel,-1515.19,Need
2025-04-29,Shopping Purchase,Shopping,-2516.73,Want
2025-04-29,Social Purchase,Social,-3911.76,Want
2025-05-11,Food Purchase,Food,-862.66,Need
2025-04-20,Health Purchase,Health,-1057.43,Need
2025-04-30,Food Purchase,Food,-716.57,Need
2025-04-30,Travel Purchase,Travel,-361.98,Need
2025-04-21,Investments Purchase,Investments,-9427.72,Need
2025-04-24,Travel Purchase,Travel,-427.12,Need
2025-05-12,Bills Purchase,Bills,-16267.44,Need
2025-04-21,Bills Purchase,Bills,-18964.67,Need
2025-04-27,Social Purchase,Social,-3515.26,Want
2025-05-20,Monthly Salary,Income,52899.99999999999,Fixed
2025-06-09,Social Purchase,Social,-1583.27,Want
2025-05-20,Health Purchase,Health,-1331.28,Need
2025-06-09,Health Purchase,Health,-1704.16,Need
2025-05-21,Investments Purchase,Investments,-7201.14,Need
2025-05-20,Investments Purchase,Investments,-9460.51,Need
2025-06-16,Bills Purchase,Bills,-15888.91,Need
2025-05-26,Shopping Purchase,Shopping,-4330.19,Want
2025-06-16,Investments Purchase,Investments,-8830.51,Need
2025-05-20,Bills Purchase,Bills,-16200.87,Need
2025-05-28,Food Purchase,Food,-642.33,Need
2025-06-05,Shopping Purchase,Shopping,-1574.77,Want
2025-05-25,Shopping Purchase,Shopping,-3039.06,Want
2025-06-01,Bills Purchase,Bills,-18059.52,Need
2025-05-29,Investments Purchase,Investments,-8785.49,Need
2025-06-08,Social Purchase,Social,-1478.19,Want
2025-06-03,Shopping Purchase,Shopping,-1363.97,Want
2025-05-24,Bills Purchase,Bills,-16036.32,Need
2025-05-29,Health Purchase,Health,-641.76,Need
2025-05-26,Shopping Purchase,Shopping,-4558.7,Want
2025-05-21,Bills Purchase,Bills,-16195.52,Need
2025-06-16,Subscriptions Purchase,Subscriptions,-924.86,Need
2025-06-11,Health Purchase,Health,-1135.64,Need
2025-06-02,Investments Purchase,Investments,-14755.48,Need
2025-05-31,Investments Purchase,Investments,-8921.11,Need
2025-06-03,Investments Purchase,Investments,-12535.31,Need
2025-05-27,Food Purchase,Food,-898.11,Need
2025-06-10,Bills Purchase,Bills,-19252.41,Need
2025-05-27,Food Purchase,Food,-791.87,Need
2025-06-02,Investments Purchase,Investments,-5945.54,Need
2025-06-11,Investments Purchase,Investments,-7897.84,Need
2025-06-19,Monthly Salary,Income,52899.99999999999,Fixed
2025-06-23,Investments Purchase,Investments,-11168.87,Need
2025-06-24,Travel Purchase,Travel,-798.29,Need
2025-06-19,Health Purchase,Health,-1704.01,Need
2025-07-06,Food Purchase,Food,-1148.93,Need
2025-07-05,Health Purchase,Health,-908.23,Need
2025-07-08,Food Purchase,Food,-790.41,Need
2025-07-04,Travel Purchase,Travel,-937.81,Need
2025-06-29,Investments Purchase,Investments,-8289.9,Need
2025-06-26,Bills Purchase,Bills,-16195.93,Need
2025-07-04,Travel Purchase,Travel,-557.03,Need
2025-07-08,Investments Purchase,Investments,-13036.07,Need
2025-06-30,Health Purchase,Health,-1591.84,Need
2025-07-07,Health Purchase,Health,-1888.49,Need
2025-06-29,Health Purchase,Health,-1409.33,Need
2025-07-09,Subscriptions Purchase,Subscriptions,-721.33,Need
2025-07-16,Social Purchase,Social,-930.83,Want
2025-07-03,Bills Purchase,Bills,-17916.61,Need
2025-06-19,Health Purchase,Health,-1959.16,Need
2025-07-10,Travel Purchase,Travel,-1279.43,Need
2025-07-13,Shopping Purchase,Shopping,-2768.97,Want
2025-06-22,Travel Purchase,Travel,-864.36,Need
2025-06-29,Shopping Purchase,Shopping,-4829.4,Want
2025-06-24,Social Purchase,Social,-1335.8,Want
2025-07-01,Investments Purchase,Investments,-14172.63,Need
2025-07-08,Travel Purchase,Travel,-915.34,Need
2025-07-14,Travel Purchase,Travel,-727.18,Need
2025-06-27,Shopping Purchase,Shopping,-1319.04,Want
2025-06-26,Travel Purchase,Travel,-540.71,Need
2025-07-10,Shopping Purchase,Shopping,-1547.59,Want
2025-07-14,Travel Purchase,Travel,-732.18,Need
2025-07-19,Monthly Salary,Income,52899.99999999999,Fixed
2025-07-20,Investments Purchase,Investments,-5692.58,Need
2025-08-12,Investments Purchase,Investments,-14895.61,Need
2025-08-03,Travel Purchase,Travel,-382.93,Need
2025-08-14,Health Purchase,Health,-1384.23,Need
2025-08-05,Travel Purchase,Travel,-1687.75,Need
2025-07-25,Subscriptions Purchase,Subscriptions,-914.79,Need
2025-08-03,Social Purchase,Social,-3188.65,Want
2025-08-03,Subscriptions Purchase,Subscriptions,-770.31,Need
2025-07-20,Shopping Purchase,Shopping,-2643.41,Want
2025-07-22,Social Purchase,Social,-576.47,Want
2025-08-03,Food Purchase,Food,-1093.16,Need
2025-07-27,Subscriptions Purchase,Subscriptions,-818.91,Need
2025-07-25,Bills Purchase,Bills,-15316.35,Need
2025-07-26,Subscriptions Purchase,Subscriptions,-419.41,Need
2025-08-09,Travel Purchase,Travel,-668.89,Need
2025-07-19,Shopping Purchase,Shopping,-4181.63,Want
2025-08-06,Social Purchase,Social,-3383.41,Want
2025-07-20,Food Purchase,Food,-881.51,Need
2025-08-12,Bills Purchase,Bills,-15081.25,Need
2025-07-28,Shopping Purchase,Shopping,-1159.71,Want
2025-07-22,Shopping Purchase,Shopping,-4143.76,Want
2025-08-10,Subscriptions Purchase,Subscriptions,-614.17,Need
2025-07-26,Social Purchase,Social,-2058.43,Want
2025-07-20,Health Purchase,Health,-779.21,Need
2025-08-01,Subscriptions Purchase,Subscriptions,-782.62,Need
2025-08-09,Bills Purchase,Bills,-18719.13,Need
2025-07-24,Subscriptions Purchase,Subscriptions,-783.63,Need
2025-07-25,Health Purchase,Health,-1700.07,Need
2025-08-05,Health Purchase,Health,-1939.33,Need
2025-07-26,Travel Purchase,Travel,-1106.57,Need
2025-08-18,Monthly Salary,Income,52899.99999999999,Fixed
2025-09-06,Subscriptions Purchase,Subscriptions,-448.16,Need
2025-09-03,Social Purchase,Social,-1804.24,Want
2025-08-20,Travel Purchase,Travel,-472.75,Need
2025-09-14,Health Purchase,Health,-844.18,Need
2025-08-31,Bills Purchase,Bills,-17010.43,Need
2025-09-13,Bills Purchase,Bills,-17292.14,Need
2025-08-21,Investments Purchase,Investments,-7656.37,Need
2025-08-18,Shopping Purchase,Shopping,-4443.97,Want
2025-09-08,Bills Purchase,Bills,-17288.68,Need
2025-09-09,Social Purchase,Social,-1677.61,Want
2025-09-03,Shopping Purchase,Shopping,-2839.99,Want
2025-08-24,Subscriptions Purchase,Subscriptions,-645.04,Need
2025-08-24,Social Purchase,Social,-1426.96,Want
2025-08-21,Food Purchase,Food,-455.64,Need
2025-09-02,Shopping Purchase,Shopping,-1669.8,Want
2025-09-14,Shopping Purchase,Shopping,-4604.55,Want
2025-09-13,Bills Purchase,Bills,-17155.14,Need
2025-08-29,Bills Purchase,Bills,-16291.66,Need
2025-08-31,Shopping Purchase,Shopping,-3261.08,Want
2025-08-27,Health Purchase,Health,-816.79,Need
2025-09-11,Travel Purchase,Travel,-1946.53,Need
2025-08-23,Travel Purchase,Travel,-639.8,Need
2025-08-27,Social Purchase,Social,-1504.44,Want
2025-08-28,Investments Purchase,Investments,-10409.26,Need
2025-08-28,Investments Purchase,Investments,-6436.22,Need
2025-09-02,Travel Purchase,Travel,-1171.29,Need
2025-09-06,Social Purchase,Social,-2979.72,Want
2025-08-30,Subscriptions Purchase,Subscriptions,-829.18,Need
2025-09-10,Shopping Purchase,Shopping,-4640.48,Want
2025-09-07,Bills Purchase,Bills,-19082.43,Need
2025-09-17,Monthly Salary,Income,52899.99999999999,Fixed
2025-10-07,Shopping Purchase,Shopping,-2040.51,Want
2025-10-13,Social Purchase,Social,-2381.15,Want
2025-10-12,Travel Purchase,Travel,-464.34,Need
2025-10-06,Food Purchase,Food,-669.9,Need
2025-10-14,Health Purchase,Health,-1275.05,Need
2025-10-03,Subscriptions Purchase,Subscriptions,-929.15,Need
2025-10-01,Travel Purchase,Travel,-746.93,Need
2025-09-18,Travel Purchase,Travel,-1007.91,Need
2025-10-04,Investments Purchase,Investments,-13896.21,Need
2025-10-12,Bills Purchase,Bills,-19900.82,Need
2025-10-02,Shopping Purchase,Shopping,-1629.76,Want
2025-10-03,Health Purchase,Health,-650.28,Need
2025-09-29,Shopping Purchase,Shopping,-2977.58,Want
2025-10-09,Shopping Purchase,Shopping,-1251.85,Want
2025-10-09,Health Purchase,Health,-1356.85,Need
2025-09-28,Social Purchase,Social,-3816.26,Want
2025-10-04,Food Purchase,Food,-613.31,Need
2025-09-27,Social Purchase,Social,-1250.5,Want
2025-09-25,Investments Purchase,Investments,-7412.37,Need
2025-10-13,Food Purchase,Food,-764.4,Need
2025-09-24,Travel Purchase,Travel,-827.0,Need
2025-10-12,Investments Purchase,Investments,-10616.98,Need
2025-10-08,Health Purchase,Health,-1291.6,Need
2025-09-28,Investments Purchase,Investments,-5411.37,Need
2025-09-22,Food Purchase,Food,-609.4,Need
2025-09-23,Subscriptions Purchase,Subscriptions,-275.86,Need
2025-10-14,Social Purchase,Social,-974.43,Want
2025-09-26,Investments Purchase,Investments,-12418.98,Need
2025-09-18,Subscriptions Purchase,Subscriptions,-327.23,Need
2025-09-17,Health Purchase,Health,-519.15,Need
2025-10-17,Monthly Salary,Income,52899.99999999999,Fixed
2025-10-25,Food Purchase,Food,-1166.14,Need
2025-10-27,Travel Purchase,Travel,-1096.95,Need
2025-11-07,Investments Purchase,Investments,-5655.76,Need
2025-10-21,Subscriptions Purchase,Subscriptions,-330.71,Need
2025-11-09,Social Purchase,Social,-3587.08,Want
2025-10-30,Subscriptions Purchase,Subscriptions,-483.56,Need
2025-11-12,Investments Purchase,Investments,-11689.25,Need
2025-10-28,Investments Purchase,Investments,-7350.98,Need
2025-10-26,Food Purchase,Food,-408.72,Need
2025-11-01,Health Purchase,Health,-1940.23,Need
2025-10-29,Bills Purchase,Bills,-16281.86,Need
2025-10-17,Food Purchase,Food,-452.06,Need
2025-11-12,Investments Purchase,Investments,-12353.73,Need
2025-11-06,Bills Purchase,Bills,-15718.9,Need
2025-10-20,Bills Purchase,Bills,-18957.1,Need
2025-10-18,Health Purchase,Health,-678.39,Need
2025-11-04,Health Purchase,Health,-905.89,Need
2025-11-03,Travel Purchase,Travel,-736.26,Need
2025-10-17,Social Purchase,Social,-2881.37,Want
2025-10-26,Bills Purchase,Bills,-17794.99,Need
2025-10-22,Food Purchase,Food,-450.0,Need
2025-10-20,Shopping Purchase,Shopping,-4679.56,Want
2025-11-13,Travel Purchase,Travel,-1789.59,Need
2025-10-20,Subscriptions Purchase,Subscriptions,-701.26,Need
2025-11-05,Health Purchase,Health,-1025.44,Need
2025-10-29,Health Purchase,Health,-1669.11,Need
2025-11-01,Shopping Purchase,Shopping,-1386.64,Want
2025-10-27,Investments Purchase,Investments,-6519.06,Need
2025-10-19,Shopping Purchase,Shopping,-2942.71,Want
2025-11-05,Health Purchase,Health,-584.69,Need
2025-11-16,Monthly Salary,Income,52899.99999999999,Fixed
2025-12-08,Food Purchase,Food,-538.88,Need
2025-12-01,Social Purchase,Social,-4104.83,Want
2025-12-11,Health Purchase,Health,-1008.31,Need
2025-11-27,Subscriptions Purchase,Subscriptions,-767.63,Need
2025-12-08,Investments Purchase,Investments,-12700.01,Need
2025-11-16,Shopping Purchase,Shopping,-3943.7,Want
2025-11-25,Subscriptions Purchase,Subscriptions,-668.32,Need
2025-12-10,Bills Purchase,Bills,-18091.8,Need
2025-12-13,Bills Purchase,Bills,-18691.61,Need
2025-11-27,Social Purchase,Social,-2753.34,Want
2025-12-12,Investments Purchase,Investments,-7583.05,Need
2025-11-20,Bills Purchase,Bills,-19226.29,Need
2025-11-16,Food Purchase,Food,-1052.98,Need
2025-11-18,Bills Purchase,Bills,-19081.07,Need
2025-11-27,Social Purchase,Social,-1620.68,Want
2025-12-12,Subscriptions Purchase,Subscriptions,-343.95,Need
2025-11-20,Travel Purchase,Travel,-605.61,Need
2025-12-08,Investments Purchase,Investments,-7739.58,Need
2025-12-02,Shopping Purchase,Shopping,-7642.94,Want
2025-11-24,Social Purchase,Social,-1067.34,Want
2025-12-08,Bills Purchase,Bills,-16553.38,Need
2025-11-27,Subscriptions Purchase,Subscriptions,-509.25,Need
2025-12-04,Subscriptions Purchase,Subscriptions,-633.5,Need
2025-11-18,Food Purchase,Food,-1030.76,Need
2025-11-26,Bills Purchase,Bills,-17307.5,Need
2025-11-22,Bills Purchase,Bills,-18592.86,Need
2025-11-18,Health Purchase,Health,-740.43,Need
2025-12-11,Bills Purchase,Bills,-16965.63,Need
2025-12-07,Bills Purchase,Bills,-15991.74,Need
2025-11-25,Shopping Purchase,Shopping,-1106.15,Want
